Date,Stock,Fish population,Recruitment rate,Algae,Calcified Algae,Herbivory,Habitat complexity,Turf,Space available
1991-01-01,0.3426160337552743,0.49932262720477943,0.0,0.15075334733663495,0.1532489107253476,0.22131579946076033,0.0,0.2747539207007299,0.06190360430186424
1991-01-31,0.3531782957432855,0.46841842528079275,0.0,0.14113286285784016,0.14925273036146236,0.23174717912136822,0.0,0.24738678935843667,0.0939228787752239
1991-02-28,0.363036406932096,0.4395745034850719,0.0,0.132153744010965,0.14552296202183615,0.2414831334712689,0.0,0.221844133438963,0.12380753495035958
1991-03-01,0.36338848233169635,0.438544363420939,0.0,0.13183306119500518,0.14538975600970663,0.2418308461266225,0.0,0.22093189572755323,0.12487484409947157
1991-03-31,0.37373273056436396,0.38927805791013315,0.0,0.12238393387440005,0.14144741497929994,0.27287685335279527,0.0,0.1938269424955293,0.15669008631738673
1991-04-30,0.38407697879703157,0.34001175239932724,0.0,0.11293480655379493,0.13750507394889325,0.303922860578968,0.0,0.16672198926350537,0.18850532853530194
1991-05-01,0.3844217870714538,0.3383695422156337,0.0,0.11261983564310808,0.13737366258121303,0.3049577274865071,0.0,0.1658184908224379,0.18956583660923243
1991-05-31,0.3830393427989022,0.3915094527310252,0.0,0.11063017890485152,0.13647572544545208,0.2808736458634351,0.0,0.18265118548435186,0.17748235211687227
1991-06-30,0.3816568985263506,0.4446493632464168,0.0,0.10864052216659495,0.1355777883096911,0.2567895642403631,0.0,0.1994838801462658,0.1653988676245121
1991-07-31,0.3802283727780473,0.4995606041123214,0.0,0.10658454353706316,0.13464991993607145,0.231902679896522,0.0,0.21687766463024355,0.15291260031573994
1991-08-31,0.37879984702974395,0.554471844978226,0.0,0.10452856490753139,0.13372205156245182,0.2070157955526809,0.0,0.2342714491142213,0.14042633300696777
1991-09-30,0.3774174027571924,0.6076117554936176,0.0,0.10253890816927481,0.13282411442669084,0.18293171392960889,0.0,0.2511041437761352,0.12834284851460762
1991-10-01,0.37737132128144063,0.6093830858441306,0.0,0.1024725862779996,0.13279418318883215,0.1821289112088398,0.0,0.25166523359819903,0.1279400656981956
1991-10-31,0.376005805245151,0.5780406234621742,0.0,0.1004956037325376,0.1318978573630901,0.1795584687492451,0.0,0.2684011888759789,0.11593450508090564
1991-11-30,0.3746402892088613,0.5466981610802177,0.0,0.09851862118707559,0.13100153153734803,0.17698802628965038,0.0,0.2851371441537588,0.10392894446361567
1991-12-31,0.373229255971362,0.5143109499521961,0.0,0.09647573922343153,0.13007532818408124,0.17433190241473584,0.0,0.3024309646074647,0.09152319849241605
1992-01-01,0.3731837387701523,0.5132662012061309,0.0,0.09640983980524946,0.1300454506565565,0.17424622099941603,0.0,0.3029888297833907,0.09112301313850638
1992-01-31,0.36615093126929305,0.48192373882417444,0.0,0.09112488411740494,0.1307875198495545,0.1716757785398213,0.0,0.3130194523539583,0.09195670601096187
1992-02-29,0.35935255068512906,0.4516260251882832,0.0,0.08601609361915523,0.1315048534027859,0.16919101749554644,0.0,0.32271572083884026,0.09276260912100218
1992-03-01,0.3591181237684338,0.450581276442218,0.0,0.08583992842956041,0.1315295890425525,0.1691053360802266,0.0,0.32305007492452587,0.09279039888341736
1992-03-31,0.352019114130364,0.39307530741730057,0.0,0.08052542469240054,0.13228926477430364,0.17021086595043725,0.0,0.33316193420710255,0.09362648150307751
1992-04-30,0.3449201044922942,0.3355693383923831,0.0,0.07521092095524065,0.13304894050605479,0.17131639582064792,0.0,0.34327379348967924,0.09446256412273764
1992-05-01,0.3446834708376919,0.3336524727582192,0.0,0.07503377083066866,0.13307426303044648,0.1713532468163216,0.0,0.34361085546576514,0.09449043354339298
1992-05-31,0.34128071490597583,0.3547770934495968,0.0,0.07363948400541559,0.13374526324199085,0.16736954374374036,0.0,0.3227832031734346,0.11729200673004608
1992-06-30,0.3378779589742597,0.3759017141409744,0.0,0.07224519718016252,0.13441626345353522,0.1633858406711591,0.0,0.30195555088110415,0.14009357991669918
1992-07-31,0.33436177784481974,0.39773048885539797,0.0,0.07080443412740102,0.13510963033879772,0.15926934749615845,0.0,0.28043364351236266,0.1636552055429074
1992-08-31,0.3308455967153798,0.4195592635698215,0.0,0.0693636710746395,0.13580299722406025,0.15515285432115783,0.0,0.2589117361436211,0.1872168311691156
1992-09-30,0.3274428407836637,0.4406838842611991,0.0,0.06796938424938644,0.13647399743560462,0.15116915124857658,0.0,0.23808408385129062,0.2100184043557687
1992-10-01,0.3273294155859398,0.441388038284245,0.0,0.067922908021878,0.13649636410932275,0.1510363611461572,0.0,0.2373898287748796,0.2107784567953238
1992-10-31,0.3237340873828924,0.43194583366782796,0.0,0.06648876600146349,0.13722509750135095,0.16289220852027847,0.0,0.21596387652899482,0.23438888797109994
1992-11-30,0.3201387591798449,0.4225036290514109,0.0,0.06505462398104897,0.13795383089337912,0.17474805589439976,0.0,0.19453792428311004,0.25799931914687607
1992-12-31,0.31642358670336257,0.4127466842811133,0.0,0.06357267722662065,0.13870685539847494,0.18699909818099175,0.0,0.17239777362902908,0.2823967646951781
1993-01-01,0.31630374242992765,0.4124319441272327,0.0,0.06352487249260683,0.13873114651154253,0.18739429309346245,0.0,0.17168357522083294,0.283183779067704
1993-01-31,0.31400757073999463,0.4029897395108157,0.0,0.056049809476386006,0.13708035889785222,0.19925014046758374,0.0,0.22929738564974173,0.2357002446608582
1993-02-28,0.31186447716272386,0.39417701520215975,0.0,0.0490730839945799,0.13553962379174128,0.21031559801676358,0.0,0.2830702753833899,0.1913822792144688
1993-03-01,0.31178793810639277,0.3938622750482792,0.0,0.04882391522737254,0.1354845975379516,0.2107107929292343,0.0,0.28499073573102024,0.1897994947342406
1993-03-31,0.3094522411322895,0.3353409067748833,0.0,0.04125856879099929,0.1338300029350788,0.19328709170943914,0.0,0.3433445687169869,0.1423710915887024
1993-04-30,0.30711654415818623,0.27681953850148744,0.0,0.033693222354626046,0.132175408332206,0.17586339048964394,0.0,0.4016984017029535,0.09494268844316421
1993-05-01,0.3070386875923828,0.2748688262257076,0.0,0.03344104414008027,0.1321202551787769,0.1752826004489841,0.0,0.4036435294691524,0.09336174167164626
1993-05-31,0.29927253163227896,0.3199448874541729,0.0,0.03695504173634391,0.12992494962752824,0.1753212835798778,0.0,0.3965189062239294,0.10668387148596024
1993-06-30,0.29150637567217513,0.3650209486826381,0.0,0.04046903933260755,0.12772964407627957,0.17535996671077153,0.0,0.3893942829787064,0.12000600130027421
1993-07-31,0.2834813478467345,0.4115995452853856,0.0,0.04410017018207998,0.1254611616733226,0.17539993927936168,0.0,0.38203217229197595,0.13377220210839866
1993-08-31,0.2754563200212939,0.4581781418881331,0.0,0.0477313010315524,0.12319267927036563,0.17543991184795185,0.0,0.3746700616052455,0.1475384029165231
1993-09-30,0.26769016406119006,0.5032542031165983,0.0,0.051245298627816044,0.12099737371911695,0.17547859497884555,0.0,0.3675454383600225,0.16086053273083706
1993-10-01,0.26743129219585327,0.5047567384908805,0.0,0.051362431881024836,0.12092419686740867,0.175479884416542,0.0,0.3673079509185151,0.16130460372464753
1993-10-31,0.25965152907284245,0.49367325833074266,0.0,0.054905021079936375,0.11871526861268179,0.17328465429954035,0.0,0.36014067581524184,0.17472960161097215
1993-11-30,0.25187176594983157,0.48258977817060483,0.0,0.05844761027884791,0.11650634035795492,0.17108942418253867,0.0,0.35297340071196853,0.1881545994972968
1993-12-31,0.24383267738938705,0.4711368486717957,0.0,0.06210828578438983,0.11422378116140382,0.16882101972830363,0.0,0.3455672164385862,0.20202709731316557
1994-01-01,0.24357335195195334,0.47076739933312445,0.0,0.062226372091020214,0.11415015021957958,0.16874784539107024,0.0,0.3453283072684771,0.20247459724270972
1994-01-31,0.24536858177111456,0.4596839191729866,0.0,0.056874216808886914,0.10816723482387076,0.1665526152740686,0.0,0.38958132677714125,0.16798143424542422
1994-02-28,0.2470441296023317,0.4493393376901913,0.0,0.05187887187889583,0.10258318045454254,0.1645037338315337,0.0,0.43088414498522776,0.13578781544795773
1994-03-01,0.24710397059630376,0.44896988835152,0.0,0.05170046670282472,0.10238374994135224,0.1644305594943003,0.0,0.4323592456355166,0.13463804334804821
1994-03-31,0.2489105002397311,0.4072637405422674,0.0,0.04632726075793385,0.09636978375931009,0.15688967826178338,0.0,0.47692528481024266,0.10039280780806496
1994-04-30,0.2507170298831584,0.3655575927330148,0.0,0.040954054813042984,0.09035581757726795,0.14934879702926646,0.0,0.5214913239849687,0.06614757226808171
1994-05-01,0.25077724753793934,0.3641673878060397,0.0,0.040774947948213285,0.09015535203786654,0.1490974343215159,0.0,0.5229768586241262,0.06500606441674893
1994-05-31,0.2525136630513272,0.40555259112712955,0.0,0.04347725664836377,0.09007532232607433,0.15693358284160605,0.0,0.495292718630069,0.08807412396001733
1994-06-30,0.2542500785647151,0.44693779444821946,0.0,0.04617956534851426,0.08999529261428213,0.1647697313616962,0.0,0.46760857863601185,0.11114218350328572
1994-07-31,0.2560443745952159,0.48970250454667896,0.0,0.048971951005336425,0.08991259524543019,0.17286708483245605,0.0,0.4390016339754861,0.13497917836466308
1994-08-31,0.25783867062571675,0.5324672146451386,0.0,0.05176433666215859,0.08982989787657823,0.18096443830321587,0.0,0.41039468931496026,0.1588161732260404
1994-09-30,0.2595750861391046,0.5738524179662284,0.0,0.05446664536230908,0.08974986816478603,0.18880058682330603,0.0,0.3827105493209031,0.18188423276930882
1994-10-01,0.25963296665621755,0.5752319247435981,0.0,0.05455672231898076,0.08974720050772629,0.1890617917739757,0.0,0.3817877446544345,0.18265316808741777
1994-10-31,0.26135185163010377,0.5736725197690304,0.0,0.0572362808070466,0.08967184203062237,0.18533453631304492,0.0,0.3543681721412116,0.20590246109163088
1994-11-30,0.26307073660399005,0.5721131147944628,0.0,0.05991583929511243,0.08959648355351844,0.18160728085211414,0.0,0.3269485996279886,0.22915175409584398
1994-12-31,0.2648469177436725,0.5705017296540762,0.0,0.06268471639944713,0.08951861312717772,0.17775578354248567,0.0,0.29861504136432493,0.25317602353353086
1995-01-01,0.2649042139094687,0.5704497494882573,0.0,0.06277403501571599,0.08951610117794093,0.17763154169378798,0.0,0.29770105561388416,0.25395099996700465
1995-01-31,0.26993116509589554,0.5688903445136897,0.0,0.05923446075367871,0.08856763779763627,0.1739042862328572,0.0,0.3135787636978684,0.24152843576821406
1995-02-28,0.2746229862032272,0.5674348998707599,0.0,0.05593085810911058,0.08768240530935191,0.1704255144693218,0.0,0.3283979579095871,0.2299340425160095
1995-03-01,0.2747905512427748,0.5673829197049409,0.0,0.05581287230037601,0.08765078986334175,0.1703012726206241,0.0,0.3289272148457199,0.22951995704271647
1995-03-31,0.27957396917565586,0.4679174182802668,0.0,0.05241512603482039,0.0867430976595749,0.1479855225025693,0.0,0.34434811762316314,0.21750203171323415
1995-04-30,0.284357387108537,0.3684519168555926,0.0,0.04901737976926476,0.08583540545580806,0.1256697723845145,0.0,0.3597690204006064,0.2054841063837518
1995-05-01,0.2845168343729663,0.3651364001414368,0.0,0.04890412156041291,0.08580514904901583,0.124925914047246,0.0,0.3602830504931878,0.20508350887276908
1995-05-31,0.28679763312729384,0.440777860175112,0.0,0.04994295223519935,0.08719077523979422,0.12158543632732603,0.0,0.3556306992281698,0.20559358138119532
1995-06-30,0.2890784318816214,0.5164193202087872,0.0,0.0509817829099858,0.08857640143057263,0.11824495860740608,0.0,0.3509783479631518,0.2061036538896216
1995-07-31,0.2914352572610932,0.594582162243585,0.0,0.05205524127393178,0.09000821516104364,0.11479313163015545,0.0,0.34617091832263325,0.2066307288149954
1995-08-31,0.293792082640565,0.6727450042783827,0.0,0.05312869963787777,0.09144002889151466,0.11134130465290482,0.0,0.34136348868211464,0.20715780374036918
1995-09-30,0.2960728813948925,0.7483864643120579,0.0,0.05416753031266422,0.09282565508229305,0.10800082693298486,0.0,0.33671113741709663,0.20766787624879543
1995-10-01,0.2961489080200368,0.7509078463131804,0.0,0.054202158001823764,0.09287184262198567,0.1078894776756542,0.0,0.336556059041596,0.20768487866574298
1995-10-31,0.2983948852299953,0.702746018732062,0.0,0.05523102471220782,0.09424636775769862,0.1098814969577231,0.0,0.3319711268496255,0.20818955652124085
1995-11-30,0.30064086243995375,0.6545841911509436,0.0,0.056259891422591864,0.09562089289341158,0.11187351623979201,0.0,0.327386194657655,0.20869423437673873
1995-12-31,0.3029617055569109,0.6048169693171213,0.0,0.05732305368998872,0.09704123553364831,0.11393193616459654,0.0,0.3226484313926188,0.20921573482741987
1996-01-01,0.3030365714639095,0.6032115750644172,0.0,0.05735734924700152,0.09708705303817207,0.11399833680733218,0.0,0.3224956003195531,0.20923255742260313
1996-01-31,0.3082198987258056,0.5550497474832988,0.0,0.050698770136683786,0.09778221936513071,0.11599035608940109,0.0,0.347816952961272,0.18425410739579615
1996-02-29,0.3132304484123051,0.5084933141548843,0.0,0.04426214366337665,0.09845421348119071,0.11791597472873436,0.0,0.3722942605149336,0.16010827236988273
1996-03-01,0.3134032259877016,0.5068879199021804,0.0,0.044040191026366055,0.09847738569208933,0.11798237537147,0.0,0.3731383056029909,0.15927565736898916
1996-03-31,0.3186241835086051,0.4850867060463616,0.0,0.037352554728639444,0.09917490583416701,0.1125911900643469,0.0,0.39855917977203137,0.13427335108212834
1996-04-30,0.3238451410295086,0.4632854921905429,0.0,0.030664918430912833,0.0998724259762447,0.1072000047572238,0.0,0.42398005394107185,0.10927104479526756
1996-05-01,0.32401917294687205,0.4625587850620156,0.0,0.03044199722098861,0.09989567664764729,0.1070202985803197,0.0,0.4248274164133732,0.10843763458570553
1996-05-31,0.3258880936693856,0.48408552151892714,0.0,0.032752849990458244,0.10263626017786975,0.11226417936316509,0.0,0.41035997554914644,0.11593098211685335
1996-06-30,0.32775701439189914,0.5056122579758386,0.0,0.03506370275992787,0.10537684370809222,0.11750806014601048,0.0,0.3958925346849197,0.12342432964800115
1996-07-31,0.3296882324718298,0.5278565523146473,0.0,0.03745158395504649,0.10820878002265542,0.12292673695495072,0.0,0.38094284579188536,0.13116745543018724
1996-08-31,0.3316194505517605,0.5501008466534559,0.0,0.03983946515016511,0.11104071633721864,0.12834541376389097,0.0,0.3659931568988511,0.1389105812123733
1996-09-30,0.33348837127427405,0.5716275831103674,0.0,0.042150317919634736,0.11378129986744111,0.13358929454673635,0.0,0.35152571603462435,0.1464039287435211
1996-10-01,0.3335506686316912,0.5723451409922645,0.0,0.042227346345283724,0.11387265265178186,0.1337640905728312,0.0,0.35104346800581676,0.14665370699455937
1996-10-31,0.3354179535264967,0.5687307702469181,0.0,0.04453547041488111,0.1166091268444601,0.13567310713669864,0.29021564303738323,0.3366092794054623,0.15415427606751533
1996-11-30,0.33728523842130226,0.5651163995015717,0.0,0.046843594484478494,0.11934560103713834,0.13758212370056608,0.5804312860747665,0.3221750908051078,0.1616548451404713
1996-12-31,0.33921476614593465,0.5613815497313803,0.0,0.049228656023062464,0.1221732910362392,0.13955477414989576,0.8803207838800625,0.3072597625847416,0.1694054331825258
1997-01-01,0.3392770089757615,0.5612610707065354,0.0,0.04930559349204904,0.12226450684266181,0.139618408035358,0.8899946386479753,0.30677862296472974,0.16965545215162434
1997-01-31,0.3424941845261399,0.557646699961189,0.0,0.04396944948758719,0.1209383047659696,0.14152742459922543,0.8818457903420424,0.31581599848735686,0.16399095893420712
1997-02-28,0.345496881706493,0.5542732872655324,0.0,0.03898904841675613,0.11970051616105687,0.14330917339216837,0.8742401985898381,0.32425088230847554,0.15870409859795104
1997-03-01,0.3456041208915056,0.5541528082406875,0.0,0.03881117694994073,0.11965630942516713,0.1433728072776306,0.8739685703129737,0.3245521281592298,0.15851528215737046
1997-03-31,0.34882666778273036,0.5384342106673365,0.0,0.03347196483683325,0.11832836541973979,0.13274278749982332,0.8658197220070407,0.33359930487457906,0.1528496379830325
1997-04-30,0.3520492146739551,0.5227156130939856,0.0,0.02813275272372577,0.11700042141431244,0.12211276772201607,0.8576708737011077,0.3426464815899283,0.14718399380869454
1997-05-01,0.3521566329036626,0.5221916598415406,0.0,0.027954778986622186,0.11695615661413153,0.1217584337294225,0.8573992454242433,0.3429480541471066,0.14699513900288327
1997-05-31,0.3552569034457289,0.6158795696765327,0.0,0.02954158159778339,0.11616301141922732,0.10811503830741889,0.8492503971183103,0.328874952671402,0.1574054130498162
1997-06-30,0.3583571739877952,0.7095674795115247,0.0,0.031128384208944593,0.1153698662243231,0.09447164288541528,0.8411015488123772,0.3148018511956973,0.1678156870967491
1997-07-31,0.36156078688126375,0.8063783196743498,0.0,0.03276808024047784,0.11455028285625543,0.08037346761601155,0.8326810722295798,0.3002596463374692,0.17857297027857977
1997-08-31,0.36476439977473224,0.9031891598371748,0.0,0.034407776272011074,0.11373069948818774,0.06627529234660783,0.8242605956467823,0.28571744147924105,0.18933025346041046
1997-09-30,0.3678646703167986,0.9968770696721669,0.0,0.03599457888317228,0.11293755429328353,0.052631896924604224,0.8161117473408493,0.27164434000353643,0.19974052750734336
1997-10-01,0.3679680126682008,1.0,0.0,0.03604747230354432,0.11291111612012006,0.0521771170772041,0.8158401190639849,0.27117523662101295,0.20008753664224113
1997-10-31,0.37104671411297285,0.9519465464961521,0.0,0.03762658206255179,0.11212569357822572,0.06307423846648194,0.8076912707580519,0.25717412297917025,0.21047810996379754
1997-11-30,0.374125415557745,0.9038930929923041,0.0,0.039205691821559266,0.11134027103633136,0.07397135985575978,0.7995424224521188,0.2431730093373276,0.22086868328535395
1997-12-31,0.37730674038400946,0.8542378577049946,0.0,0.040837438572533656,0.11052866774304053,0.08523171862468022,0.7911219458693214,0.2287051919074235,0.23160560905096222
1998-01-01,0.3774093637655019,0.852636075921533,0.0,0.04089007556450057,0.11050248699164406,0.08559495600432282,0.7908503175924569,0.22823848811936207,0.2319519614950141
1998-01-31,0.38196994416263375,0.8045826224176851,0.0,0.03862489779032492,0.10676117289297764,0.09649207739360066,0.8058856532554968,0.24498308234743824,0.21683445411807933
1998-02-28,0.38622648586662345,0.7597327324807603,0.0,0.03651073186776098,0.10326927973422231,0.10666272402359331,0.8199186332076673,0.2606113702936427,0.20272478056627355
1998-03-01,0.3863785052131945,0.7581309506972987,0.0,0.03643522594195513,0.10314456926426677,0.1070259614032359,0.820419811063102,0.26116952343457855,0.20222086365370906
1998-03-31,0.3909305949928426,0.6839986584501618,0.0,0.03417435133290493,0.09940931599996958,0.10452138705574118,0.8354551467261419,0.27789623227837945,0.18713666948344912
1998-04-30,0.3954826847724907,0.6098663662030248,0.0,0.031913476723854736,0.09567406273567239,0.10201681270824646,0.8504904823891817,0.2946229411221803,0.17205247531318918
1998-05-01,0.39563442109847896,0.607395289794787,0.0,0.03183811423688639,0.09554955429352915,0.1019333268966633,0.8509916602446164,0.29518049808364033,0.17154966884084719
1998-05-31,0.3976776720090372,0.6335824488010242,0.0,0.03431903895293035,0.09621833832129782,0.1022448403303905,0.8660269959076562,0.2833685882085505,0.17833199180241316
1998-06-30,0.39972092291959543,0.6597696078072615,0.0,0.0367999636689743,0.09688712234906648,0.1025563537641177,0.881062331570696,0.2715566783334607,0.18511431476397913
1998-07-31,0.40183228219383893,0.6868296721137065,0.0,0.03936358587555305,0.09757819917776077,0.10287825097896913,0.8965988450891705,0.25935103812920124,0.1921227151575973
1998-08-31,0.4039436414680825,0.7138897364201516,0.0,0.04192720808213181,0.09826927600645505,0.10320014819382058,0.912135358607645,0.24714539792494175,0.1991311155512155
1998-09-30,0.4059868923786407,0.7400768954263889,0.0,0.04440813279817576,0.09893806003422372,0.10351166162754777,0.9271706942706849,0.23533348804985194,0.20591343851278143
1998-10-01,0.406055000742326,0.7409498007265968,0.0,0.04449083028871056,0.09896035283514934,0.103522045408672,0.9276718721261196,0.23493975772068226,0.20613951594483365
1998-10-31,0.40808865419148427,0.754856632869498,0.0,0.04696402882479672,0.09962851990819269,0.10374659834066136,0.9427072077891594,0.22317078918461175,0.2129104897964543
1998-11-30,0.4101223076406425,0.7687634650123993,0.0,0.04943722736088289,0.10029668698123605,0.10397115127265069,0.9577425434521992,0.21140182064854124,0.21968146364807495
1998-12-31,0.41222374953810603,0.7831338582267305,0.0,0.051992865848171935,0.1009871262900475,0.10420318930237302,0.9732790569706737,0.19924055316126837,0.22667813662808295
1999-01-01,0.4122915379864113,0.7835974192981606,0.0,0.052075305799374805,0.10100939852581561,0.104210674400106,0.9737802348261084,0.19884825421006602,0.2269038357564703
1999-01-31,0.41536990269282076,0.7975042514410619,0.0,0.047372561180139154,0.09614062148181306,0.10443522733209534,0.9748562853804406,0.2276763809562087,0.2048546794042867
1999-02-28,0.4182430430854696,0.810483961441103,0.0,0.042983332868852545,0.09159642957407733,0.10464481006861873,0.9758605992311505,0.2545826325859419,0.18427546680891532
1999-03-01,0.4183456552423499,0.8109475225125331,0.0,0.042826574714878024,0.09143413700594391,0.1046522951663517,0.9758964675829616,0.25554357014414664,0.1835404949305092
1999-03-31,0.42141391245126236,0.6655734190775746,0.0,0.03813473502796896,0.0865741956586419,0.1162765585547456,0.9769725181372936,0.28432986200222365,0.1615545751778053
1999-04-30,0.4244821696601748,0.5201993156426162,0.0,0.03344289534105991,0.08171425431133988,0.1279008219431395,0.9780485686916257,0.31311615386030067,0.13956865542510138
1999-05-01,0.4245844449004719,0.5153535121947843,0.0,0.033286500684829606,0.08155225626642981,0.1282882973894193,0.9780844370434367,0.3140756969222366,0.1388357914333446
1999-05-31,0.4263449910581452,0.5685851463902998,0.0,0.035362282699547554,0.08188835046815278,0.12193852925965959,0.9791604875977689,0.2998677980466458,0.1489757587711636
1999-06-30,0.42810553721581857,0.6218167805858152,0.0,0.037438064714265494,0.08222444466987576,0.11558876112989988,0.9802365381521009,0.285659899171055,0.15911572610898259
1999-07-31,0.4299247682454143,0.6768228025878479,0.0,0.03958303946280737,0.08257174201165615,0.10902733406248152,0.981348457058244,0.2709784036662779,0.1695936923580622
1999-08-31,0.43174399927501006,0.7318288245898805,0.0,0.041728014211349244,0.08291903935343656,0.10246590699506315,0.9824603759643872,0.25629690816150075,0.18007165860714183
1999-09-30,0.43350454543268335,0.785060458785396,0.0,0.043803796226067185,0.08325513355515952,0.09611613886530346,0.9835364265187193,0.24208900928590996,0.19021162594496083
1999-10-01,0.4335632303046058,0.7868348465919132,0.0,0.04387298895989112,0.08326633669521696,0.0959044799276448,0.9835722948705303,0.2416154126567236,0.19054962485622146
1999-10-31,0.43531801480580073,0.793953303451641,0.0,0.04594448644233387,0.0836024954200729,0.09334941156782091,0.9846483454248623,0.22744074972082676,0.20068292387986578
1999-11-30,0.4370727993069956,0.8010717603113687,0.0,0.04801598392477662,0.08393865414492883,0.09079434320799701,0.9857243959791945,0.21326608678492992,0.21081622290351013
1999-12-31,0.43888607662489704,0.8084274990664208,0.0,0.05015653132330079,0.0842860181606133,0.08815410590284566,0.9868363148853376,0.1986189350845032,0.22128729856127594
2000-01-01,0.43894456944160354,0.808664780961745,0.0,0.05022558123938222,0.08429722345144183,0.08806893695751819,0.9868721832371486,0.1981464463199733,0.2216250751953974
2000-01-31,0.43785229296070305,0.8157832378214728,0.0,0.04701994641860204,0.08203640764723633,0.0855138685976943,0.9879482337914807,0.2018333847453559,0.22441624653395398
2000-02-29,0.4367964256958326,0.8226644127858763,0.0,0.04392116609184787,0.07985095236983768,0.08304396918319787,0.9889884159940018,0.20539742522322577,0.22711437882789204
2000-03-01,0.43676001647980256,0.8229016946812006,0.0,0.04381431159782186,0.07977559184303083,0.0829588002378704,0.9890242843458128,0.2055203231707385,0.2272074178725106
2000-03-31,0.43566650001080065,0.7551123116502545,0.0,0.040606377262823595,0.07751309526792859,0.09491412786758073,0.9901003349001449,0.20921171321995183,0.2300003117094731
2000-04-30,0.43457298354179874,0.6873229286193085,0.0,0.037398442927825334,0.07525059869282634,0.10686945549729106,0.9911763854544771,0.21290310326916514,0.23279320554643562
2000-05-01,0.434536532992832,0.685063282518277,0.0,0.03729151178332539,0.07517518214032293,0.1072679664182814,0.9912122538062881,0.21302614960413893,0.23288630200766772
2000-05-31,0.4350615178418185,0.7442236191747414,0.0,0.03878059542941616,0.07717037812342926,0.10429643112785625,0.9922883043606202,0.2087401283023116,0.23315296956810036
2000-06-30,0.43558650269080496,0.8033839558312059,0.0,0.040269679075506944,0.0791655741065356,0.10132489583743108,0.9933643549149522,0.20445410700048425,0.233419637128533
2000-07-31,0.43612898703475766,0.8645163037095526,0.0,0.04180839884313407,0.08122727662241214,0.09825430937065842,0.9944762738210954,0.20002521832192932,0.2336951936076467
2000-08-31,0.4366714713787104,0.9256486515878992,0.0,0.04334711861076121,0.08328897913828869,0.09518372290388576,0.9955881927272385,0.1955963296433744,0.23397075008676044
2000-09-30,0.4371964562276969,0.9848089882443636,0.0,0.04483620225685199,0.08528417512139502,0.0922121876134606,0.9966642432815707,0.19131030834154705,0.23423741764719308
2000-10-01,0.4372139557226631,0.9867809994662458,0.0,0.044885838378388346,0.08535068165416523,0.0921131364371131,0.9967001116333817,0.19116744096481947,0.23424630656587417
2000-10-31,0.4377390344887884,0.9660309153654975,0.4918032786885246,0.04637493410319678,0.08734560643454517,0.09657144089082527,0.9977761621877137,0.1868827465508115,0.23451273027767436
2000-11-30,0.43826411325491377,0.9452808312647493,0.9836065573770492,0.0478640298280052,0.08934053121492512,0.10102974534453743,0.9988522127420458,0.18259805213680352,0.23477915398947455
2000-12-01,0.4382816158804513,0.9445891617947243,1.0,0.047913666352165485,0.08940702870760445,0.1011783554929945,0.9988880810938568,0.18245522898966993,0.2347880347798679
2000-12-31,0.4388067350304385,0.9238390776939761,0.9022554491955649,0.049402766771774215,0.09140183620723799,0.10563665994670667,0.999964131648189,0.17817110251458884,0.2350543534215093
2001-01-01,0.4388242390021047,0.9231474082239511,0.8989972975020837,0.04945240345242784,0.0914683297905591,0.10578527009516374,1.0,0.1780282982987528,0.235063230709564
2001-01-31,0.4431671284305979,0.902397324123203,0.8012527466976486,0.04435388101407333,0.0889264123903808,0.1102435745488759,0.9949232520597712,0.19471640248866176,0.22207716904433294
2001-02-28,0.4472204918971916,0.8830305789625046,0.7100244992801757,0.03959526007160912,0.08655395615021438,0.11440465870567393,0.9901849539822243,0.21029196639924347,0.20995684482345062
2001-03-01,0.4473652548781414,0.8823389094924796,0.7067663475866945,0.03942530932366397,0.08646922557020843,0.114553268854131,0.9900157290508833,0.2108482365389071,0.20952397610127624
2001-03-31,0.45168602037264366,0.8118756498749038,0.6090217967822594,0.034343770989354615,0.0839348599401861,0.10329033333617534,0.9849389811106545,0.22749516567935885,0.19657986889809603
2001-04-30,0.45600678586714594,0.7414123902573281,0.5112772459778244,0.02926223265504526,0.08140049431016376,0.09202739781821966,0.9798622331704258,0.24414209481981058,0.1836357616949158
2001-05-01,0.45615081138362934,0.7390636149367422,0.5080190942843432,0.029092848043901616,0.08131601545582968,0.0916519666342878,0.9796930082390848,0.24469699245782564,0.1832042914548098
2001-05-31,0.4591853160150544,0.7686012589480826,0.41027454347990805,0.02980898165872798,0.08273734527494195,0.0889031525422409,0.974616260298856,0.2380991972475585,0.18419454768250715
2001-06-30,0.4622198206464795,0.798138902959423,0.3125299926754729,0.030525115273554348,0.08415867509405421,0.086154338450194,0.9695395123586271,0.23150140203729133,0.18518480391020448
2001-07-31,0.46535547543228534,0.8286611351044748,0.21152729017755656,0.03126512000887492,0.08562738257380356,0.08331389722174554,0.9642935394870574,0.2246836803200153,0.18620806867882508
2001-08-31,0.46849113021809125,0.8591833672495266,0.11052458767964024,0.0320051247441955,0.0870960900535529,0.08047345599329707,0.9590475666154876,0.21786595860273925,0.18723133344744566
2001-09-01,0.4685922803724721,0.860167955383238,0.1072664359861591,0.03202899586468971,0.08714346771418997,0.0803818288568955,0.9588783416841467,0.21764603209573033,0.18726434198836892
2001-09-30,0.4715482039039937,0.888721011260867,0.21863949199589333,0.032723103184963666,0.08852015884552604,0.07772464190125017,0.9539708186752589,0.21124195282815061,0.18822409294323994
2001-10-01,0.4716501323016324,0.8897055993945784,0.22247994220312553,0.03274703792014553,0.08856763095350315,0.0776330147648486,0.9538015937439179,0.2110211225085789,0.18825718780375272
2001-10-31,0.474722020428734,0.8704006069896603,0.33769344842009197,0.033466143479017774,0.08999332558011265,0.08270824392252145,0.9487248458036891,0.20438083101274881,0.18925144697152863
2001-11-30,0.47779390855583564,0.8510956145847421,0.4529069546370584,0.03418524903789002,0.09141902020672217,0.0877834730801943,0.9436480978634603,0.19774053951691872,0.19024570613930453
2001-12-01,0.47789630482673906,0.8504521148379115,0.4567474048442906,0.03420921922318576,0.09146654336094248,0.08795264738545006,0.9434788729321193,0.1975191964670577,0.19027884811156373
2001-12-31,0.48098247085925083,0.8311471224329934,0.4165887909478948,0.034929357753274784,0.09289369623213552,0.0930278765431229,0.9384021249918905,0.190863786224285,0.19127445921746294
2002-01-01,0.48108534306033457,0.8305036226861627,0.4152501704846816,0.034953362370944416,0.09294126799450862,0.09319705084837866,0.9382329000605495,0.19064193921619257,0.19130764625432625
2002-01-31,0.48295291257318956,0.8111986302812446,0.3750915565882858,0.03067460885929027,0.09182911014726312,0.09827228000605151,0.9331561521203208,0.20053656907754638,0.185167253611902
2002-02-28,0.4846959774518542,0.7931806373699878,0.33761018361831635,0.026681105581746398,0.09079109615650066,0.10300916055321284,0.9284178540427739,0.20977155694814328,0.17943622047897273
2002-03-01,0.4847582297689494,0.7925371376231571,0.33627156315510315,0.02653848046469126,0.09075402422825915,0.1031783348584686,0.9282486291114329,0.21010137794352174,0.17923154072422526
2002-03-31,0.4866204597562812,0.7285621374050132,0.2961129492587073,0.02226702925184181,0.08964320740261071,0.09937772302665793,0.9231718811712041,0.2199836609851858,0.17310172995310386
2002-04-30,0.4884826897436131,0.6645871371868693,0.2559543353623115,0.017995578038992356,0.08853239057696227,0.09557711119484726,0.9180951332309752,0.22986594402684984,0.16697191918198245
2002-05-01,0.48854476407652414,0.6624546371795978,0.2546157148990983,0.017853196331897376,0.08849536334944066,0.0954504241337869,0.9179259082996343,0.230195353461572,0.1667675921562784
2002-05-31,0.48938021385094577,0.6787715710778413,0.21445710100270246,0.017853330205826964,0.09131230982194087,0.10042485675127825,0.9128491603594054,0.23722229539334955,0.15608319472180593
2002-06-30,0.49021566362536745,0.6950885049760845,0.17429848710630663,0.017853464079756548,0.09412925629444106,0.1053992893687696,0.9077724124191767,0.24424923732512713,0.14539879728733346
2002-07-31,0.4910789617256031,0.7119493366709361,0.13280125274669763,0.017853602416150458,0.09704010098269128,0.110539536406844,0.9025264395476069,0.2515104106546306,0.1343582532717119
2002-08-31,0.49194225982583883,0.7288101683657875,0.0913040183870886,0.017853740752544364,0.09995094567094148,0.1156797834449184,0.8972804666760372,0.2587715839841341,0.12331770925609037
2002-09-01,0.4919701081516529,0.7293540661623956,0.0899653979238754,0.01785374521500868,0.10004484388669149,0.11584559786550144,0.8971112417446963,0.25900581538186,0.1229615626749413
2002-09-30,0.4927779644917386,0.7451271022640308,0.2013384539336096,0.01785387001497757,0.10276796826010959,0.12065421606240975,0.8922037187358084,0.2657972906111771,0.11263944617388885
2002-10-01,0.492805821606914,0.7456710000606389,0.20517890414084183,0.01785387431842477,0.10286186910057228,0.1208200304829928,0.8920344938044674,0.266031479412188,0.11228351112212842
2002-10-31,0.4936416919611966,0.7295441207612505,0.32039241035780824,0.01785400058292747,0.10567893800419774,0.120293065767565,0.8869577458642386,0.2730563742455237,0.10160918898423772
2002-11-30,0.49447756231547924,0.7134172414618621,0.43560591657477465,0.017854126847430166,0.10849600690782318,0.11976610105213722,0.8818809979240099,0.2800812690788594,0.09093486684634701
2002-12-01,0.494505424660622,0.7128796788185492,0.4394463667820069,0.017854131056246923,0.1085899092046107,0.11974853556162296,0.8817117729926689,0.2803154322399706,0.09057905610841732
2002-12-31,0.4953414536780189,0.6967527995191608,0.40497057560679917,0.017854254449751045,0.11140702046528976,0.11922157084619518,0.8766350250524401,0.2873395442633074,0.07990847789049671
2003-01-01,0.4953693213119321,0.6962152368758479,0.40382138256762556,0.01785425856286785,0.11150092417397907,0.11920400535568092,0.8764658001210991,0.28757368133075195,0.07955279194989935
2003-01-31,0.49537169073968934,0.6800883575764595,0.36934559139241785,0.014809874203365067,0.1067945819880065,0.11867704064025313,0.8773687233265912,0.26975116911462177,0.10513942069984744
2003-02-28,0.49537390220559613,0.665036603563697,0.3371681862955573,0.011968448801162468,0.10240199594776542,0.11818520690585387,0.8782114516517171,0.2531168243795669,0.129020274199799
2003-03-01,0.4953739811865214,0.664499040920384,0.3360189932563837,0.011866969322512374,0.10224511787489966,0.1181676414153396,0.8782415490919002,0.25252274063902924,0.12987316182479727
2003-03-31,0.49537634893932986,0.67685325638367,0.3015432020811759,0.008823656771014748,0.09753948463846702,0.11328537307187696,0.8791444722973923,0.23469783504554592,0.15548494037214636
2003-04-30,0.49537871669213834,0.689207471846956,0.2670674109059682,0.005780344219517121,0.0928338514020344,0.10840310472841433,0.8800473955028844,0.21687292945206257,0.18109671891949541
2003-05-01,0.49537879561723197,0.6896192790290655,0.2659182178667946,0.005678900467800533,0.09267699696081998,0.1082403624502989,0.8800774929430675,0.2162787659322798,0.18195044487107373
2003-05-31,0.4935213621890031,0.7396824327597178,0.23144242669158688,0.00568071445771233,0.09621241846213473,0.10592542073770046,0.8809804161485596,0.2146452101379003,0.1817361874285747
2003-06-30,0.4916639287607743,0.7897455864903701,0.19696663551637913,0.005682528447624126,0.09974783996344946,0.10361047902510204,0.8818833393540516,0.21301165434352082,0.18152192998607564
2003-07-31,0.48974458088493783,0.8414775120120441,0.16134165130199782,0.005684402903866317,0.10340110884814138,0.10121837258875031,0.8828163599997267,0.21132364668932865,0.18130053062882662
2003-08-31,0.48782523300910136,0.8932094375337182,0.1257166670876165,0.005686277360108506,0.10705437773283329,0.0988262661523986,0.8837493806454019,0.20963563903513652,0.1810791312715776
2003-09-01,0.48776331856149374,0.8948782093247399,0.1245674740484429,0.0056863378264389,0.10717222511621044,0.09874910142864532,0.883779478085585,0.20958118717532387,0.18107198935682764
2003-09-30,0.48596294376081506,0.9432725912643705,0.2899730027757709,0.005688122263154021,0.11059587842823494,0.09651132443980018,0.884652303850894,0.20799993747364323,0.180864820487598
2003-10-01,0.48590086187113646,0.9449413630553922,0.29567664169740293,0.005688183795454542,0.11071393543899441,0.0964341597160469,0.8846824012910771,0.20794541162186114,0.18085767673348663
2003-10-31,0.4840354061753659,0.9100682758448877,0.46678580934636293,0.005690048933957535,0.1142594722975594,0.10434697233702622,0.8855853244965691,0.20630830720151405,0.1806433182877209
2003-11-30,0.48216995047959527,0.8751951886343832,0.637894976995323,0.005691914072460529,0.11780500915612437,0.11225978495800554,0.8864882477020611,0.20467120278116693,0.18042895984195514
2003-12-01,0.4821077686230696,0.874032752394033,0.643598615916955,0.005691976243743962,0.11792319371807654,0.11252354537870485,0.8865183451422443,0.20461663263382204,0.18042181456042963
2003-12-31,0.4802392744168351,0.8391596651835285,0.5775401069518716,0.005693860849539351,0.12147264925284978,0.12043635799968416,0.8874212683477364,0.20297818027788417,0.18020740218077633
2004-01-01,0.4801769912766273,0.8379972289431783,0.5753381566530356,0.005693923669732531,0.12159096443734223,0.12070011842038347,0.8874513657879195,0.2029235651993529,0.18020025510145454
2004-01-31,0.4783708466771408,0.8031241417326738,0.5092796476879522,0.004276910403949255,0.1196617852585162,0.1286129310413628,0.8883542889934115,0.21291621761123106,0.1764324163781868
2004-02-29,0.47662490689763726,0.7694134907625193,0.44542308902170497,0.002907130913692089,0.11779691205231771,0.1362619832416428,0.8892271147587205,0.22257578160937994,0.172790172279028
2004-03-01,0.4765647020776544,0.7682510545221691,0.44322113872286883,0.00285989713816598,0.11773260607969017,0.1365257436623421,0.8892572121989036,0.22290887002310922,0.17266457765491905
2004-03-31,0.47478516443698787,0.7711660675700628,0.3771626297577855,0.0014533903489040226,0.11581324296667188,0.11542196298887925,0.8901601354043958,0.2328270293743811,0.16892193533527497
2004-04-30,0.47300562679632135,0.7740810806179564,0.3111041207927021,4.688355964206506e-05,0.11389387985365358,0.09431818231541639,0.8910630586098878,0.242745188725653,0.1651792930156309
2004-05-01,0.4729463088749658,0.7741782477195529,0.30890217049386604,0.0,0.11382990108321964,0.0936147229596343,0.8910931560500709,0.24307579403736207,0.16505453827164276
2004-05-31,0.47013956711680116,0.7322952923902637,0.24284366152878267,0.00026049940028059055,0.11744300785085666,0.09109216440750158,0.891996079255563,0.23934822967932778,0.1694400661921943
2004-06-30,0.46733282535863657,0.6904123370609745,0.17678515256369928,0.0005209988005611811,0.12105611461849368,0.08856960585536885,0.892899002461055,0.2356206653212935,0.17382559411274578
2004-07-31,0.4644325255418664,0.6471332832207091,0.10852469329977979,0.000790181514184458,0.12478965827838527,0.08596296201816503,0.8938320231067302,0.2317688488179914,0.1783573062973157
2004-08-31,0.46153222572509633,0.6038542293804435,0.040264234035860325,0.0010593642278077348,0.12852320193827685,0.08335631818096122,0.8947650437524053,0.22791703231468932,0.1828890184818856
2004-09-01,0.46143866766649083,0.6024581308694672,0.0380622837370242,0.0010680475411504213,0.12864363883053143,0.08327223289589013,0.8947951411925884,0.2277927801694215,0.18303520274590399
2004-09-30,0.45880529725313524,0.5619712740511543,0.0909920529297692,0.0013158078469415301,0.13207158021331722,0.0808337596288285,0.8956679669578974,0.22423689716610984,0.18721890499470561
2004-10-01,0.45871449137681264,0.560575175540178,0.09281721738469143,0.0013243513057619133,0.1321897850885857,0.0807496743437574,0.8956980643980805,0.22411428051082324,0.18736317058949187
2004-10-31,0.4579415672797977,0.48209004695420365,0.14757215103235863,0.001324338566601572,0.1373707044397792,0.09731769411029902,0.8966009876035727,0.22106253769570464,0.18601063482886088
2004-11-30,0.4571686431827828,0.4036049183682293,0.20232708468002586,0.0013243258274412309,0.1425516237909727,0.11388571387684063,0.8975039108090647,0.21801079488058603,0.18465809906822991
2004-12-01,0.4571428790462156,0.4009887474153635,0.2041522491349481,0.001324325402802553,0.14272432110267913,0.11443798120239201,0.8975340082492478,0.21790907012008207,0.18461301454287554
2004-12-31,0.4563699549492007,0.3225036188293892,0.19392316823680955,0.0013243126640179977,0.14790508782415968,0.1310060009689336,0.8984369314547398,0.2148571105258725,0.1832605336777189
2005-01-01,0.4563441908126335,0.3198874478765234,0.19358219887353825,0.001324312239391846,0.148077780048209,0.131558268294485,0.8984670288949229,0.21475537853939886,0.1832154509822137
2005-01-31,0.44943987215941045,0.38474782778523064,0.1833531179753997,0.001314948889381171,0.1534756266908192,0.11134549372541716,0.8965328044208595,0.20424421535092502,0.19903560232343007
2005-02-28,0.4429958414164023,0.44528418236669076,0.1738059758038037,0.001306209762704541,0.15851361689058874,0.09248023746095385,0.8947275282450668,0.1944337963750161,0.21380107690856537
2005-03-01,0.44276569746129485,0.4474461950303143,0.17346500644053242,0.0013058976510375185,0.1586935451120091,0.0918064783086516,0.8946630540959314,0.19408342426873362,0.2143284152866059
2005-03-31,0.44846293495863415,0.5365171265273164,0.16323592554239386,0.0013037086168616698,0.13768941249878996,0.11734495503127196,0.8927288296218678,0.1845087197164309,0.24015294799645348
2005-04-30,0.4541601724559735,0.6255880580243186,0.1530068446442553,0.001301519582685821,0.11668527988557087,0.14288343175389231,0.8907946051478043,0.17493401516412815,0.26597748070630106
2005-05-01,0.4543500803725515,0.6285570890742187,0.152665875280984,0.0013014466148799594,0.11598514213179689,0.143734714311313,0.8907301309986688,0.17461485834571808,0.266838298463296
2005-05-31,0.44943117055410853,0.6013248985816502,0.14243679438284543,0.002311288105110042,0.11685733392810511,0.13259594292218121,0.8887959065246053,0.18736256999458428,0.25811387419617876
2005-06-30,0.4445122607356655,0.5740927080890815,0.1322077134847069,0.0033211295953401243,0.11772952572441334,0.12145717153304947,0.8868616820505418,0.20011028164345046,0.2493894499290615
2005-07-31,0.4394293872566078,0.5459527779134274,0.12163766322329704,0.004364632468577876,0.1186307905805985,0.10994710776427997,0.8848629834273428,0.21328291701394553,0.24037421151970703
2005-08-31,0.43434651377755007,0.5178128477377733,0.11106761296188719,0.005408135341815629,0.11953205543678366,0.09843704399551048,0.8828642848041439,0.2264555523844406,0.23135897311035256
2005-09-01,0.4341825501169353,0.5169051080546876,0.1107266435986159,0.005441796724823297,0.1195611284966606,0.09806575161587276,0.8827998106550085,0.22688047610606948,0.2310681589681153
2005-09-30,0.42950155417449015,0.4905806572452046,0.18350507623864026,0.0064076445521489165,0.12038846487204083,0.08729827260637872,0.8809300603300804,0.2390851889112185,0.2226952166389414
2005-10-01,0.42934014052130237,0.489672917562119,0.18601467736415833,0.006440949649642903,0.12041699371257118,0.086926980226741,0.8808655861809449,0.23950604107691328,0.22240649448965955
2005-10-31,0.4285873076262052,0.484580328844076,0.2613027111297007,0.006310686571655658,0.11987107506723876,0.10775678603890788,0.8789313617068814,0.25396784131824435,0.2061245846788613
2005-11-30,0.4278344747311081,0.47948774012603296,0.33659074489524315,0.006180423493668412,0.11932515642190633,0.12858659185107477,0.8769971372328179,0.2684296415595754,0.18984267486806308
2005-12-01,0.4278093803012715,0.47931798716876484,0.3391003460207612,0.006176081391068837,0.11930695913372859,0.12928091871148034,0.8769326630836825,0.26891170156761973,0.18929994454103646
2005-12-31,0.4270315088640319,0.4742253984507218,0.3319021039072563,0.006043478068807786,0.11875388091584206,0.1501107245236472,0.8749984386096189,0.2836245041131511,0.17275975815539765
2006-01-01,0.4270055798161239,0.4740556454934537,0.3316621625034728,0.006039057958065751,0.11873544497524584,0.15080505138405279,0.8749339644604834,0.2841149308646688,0.17220841860920968
2006-01-31,0.430116647266029,0.46896305677541067,0.3244639203899679,0.006008806112123785,0.10240404684477047,0.17163485719621968,0.87299973998642,0.2555756536483053,0.21666352592634816
2006-02-28,0.4330203102192738,0.46420997397190383,0.31774556108402996,0.005980571055911284,0.08716140858966012,0.19107600928757545,0.8711944638106274,0.2289389949130327,0.25815495942234407
2006-03-01,0.43312401246760396,0.4640402210146357,0.3175056196802465,0.005979562661046552,0.08661702865197761,0.191770336147981,0.8711299896614919,0.22798768567248726,0.25963679633291536
2006-03-31,0.4414512684849211,0.4892977866524874,0.3103073775667416,0.006021261426240344,0.07554944818504862,0.18614263218315696,0.8691957651874284,0.20188726111550143,0.2848316104138711
2006-04-30,0.44977852450223826,0.5145553522903391,0.30310913545323664,0.006062960191434136,0.06448186771811963,0.1805149282183329,0.8672615407133649,0.17578683655851557,0.31002642449482687
2006-05-01,0.4500560997028155,0.5153972711449342,0.30286919404945317,0.006064350150273929,0.064112948369222,0.1803273380861721,0.8671970665642295,0.17491682240661605,0.31086625163085874
2006-05-31,0.4469241989756921,0.49754082382550524,0.2956709519359483,0.0062958920612042075,0.07073901776774864,0.1703071122432821,0.8652628420901659,0.1919260950268959,0.2921412997588364
2006-06-30,0.4437922982485687,0.47968437650607637,0.28847270982244333,0.006527433972134486,0.07736508716627528,0.1602868864003921,0.8633286176161024,0.2089353676471757,0.27341634788681407
2006-07-31,0.44055600083054114,0.4612327142759998,0.2810345263051549,0.006766693946762441,0.08421202554475281,0.14993265302940578,0.8613299189929035,0.22651161602146488,0.254067230952391
2006-08-31,0.43731970341251364,0.4427810520459233,0.2735963427878665,0.007005953921390395,0.09105896392323035,0.13957841965841944,0.8593312203697044,0.24408786439575406,0.23471811401796788
2006-09-01,0.4372153067216095,0.44218583713527565,0.273356401384083,0.007013671985088071,0.09127983290318123,0.1392444121303231,0.859266746220569,0.24465484014976338,0.23409394895556712
2006-09-30,0.4342871700299215,0.42492460472649435,0.33841590935016536,0.007232495396841378,0.09755387183402851,0.12955819381552944,0.857396995895641,0.26082671196791474,0.21627603342927543
2006-10-01,0.43418619979917367,0.4243293898158467,0.3406593406593406,0.007240041031729423,0.09777021800405773,0.1292241862874331,0.8573325217465055,0.2613843627202648,0.21566162254905846
2006-10-31,0.4246273831944641,0.40676009416661024,0.4079622799345982,0.0060785694508278506,0.1104566252962619,0.13679404820651828,0.855398297272442,0.28004501947964994,0.19282620663788785
2006-11-30,0.4150685665897545,0.3891907985173738,0.4752652192098558,0.004917097869926279,0.12314303258846607,0.14436391012560346,0.8534640727983785,0.2987056762390351,0.16999079072671722
2006-12-01,0.41474993936959753,0.3886051553290659,0.4775086505190311,0.004878382150562893,0.12356591283153955,0.14461623885623964,0.8533995986492431,0.2993276981310146,0.16922961019634486
2006-12-31,0.4049707219852271,0.3710358596798295,0.4274998105725759,0.003703685553573848,0.1364346838481138,0.15218610077532485,0.8514653741751795,0.3182218085957532,0.14614437330629876
2007-01-01,0.40464474807241474,0.3704502164915216,0.4258328492410274,0.00366452900034088,0.13686364288199962,0.152438429505961,0.8514009000260441,0.3188516122779112,0.1453748654099639
2007-01-31,0.3963683237919214,0.4207045972132099,0.3758240092945722,0.0032338362429941985,0.13482651367415693,0.14601951659243495,0.828549701878706,0.3382863071284352,0.14191622511489976
2007-02-28,0.3886436611301276,0.4676086858867856,0.329149092011214,0.002831856336137296,0.13292519308017045,0.1400285312064773,0.8072219169411905,0.35642535565559097,0.13868816083950658
2007-03-01,0.38836778032077784,0.4692838319108419,0.32748213067966553,0.002817499910892407,0.13285728877324235,0.1398145674426931,0.8064602103362792,0.3570731788172751,0.13857287282967112
2007-03-31,0.36378758883178447,0.5120534271017302,0.27747329073321036,0.002825508224835523,0.12589114217595412,0.13224513673767987,0.7836090121889412,0.3804444009584737,0.14473123481458128
2007-04-30,0.3392073973427911,0.5548230222926185,0.22746445078675517,0.002833516538778639,0.11892499557866587,0.12467570603266667,0.760757814041603,0.4038156230996723,0.15088959679949146
2007-05-01,0.3383880576264913,0.556248675465648,0.22579748945520667,0.0028337834825767428,0.1186927906920896,0.1244233916758329,0.7599961074366918,0.40459466383771225,0.1510948755323218
2007-05-31,0.3283663171047475,0.5385751376421782,0.17578864950875148,0.0028192509306801277,0.12429377842876888,0.12505686978644195,0.7371449092893537,0.4008859672814328,0.16133351402569296
2007-06-30,0.3183445765830037,0.5209015998187085,0.12577980956229629,0.0028047183787835122,0.12989476616544815,0.12569034789705102,0.7142937111420157,0.39717727072515335,0.17157215251906413
2007-07-31,0.3079887780438684,0.5026389440677898,0.07410400828429262,0.0027897014084903434,0.1356824534933501,0.12634494194468038,0.6906808063897663,0.39334495095033123,0.18215207896221433
2007-08-31,0.29763297950473316,0.484376288316871,0.02242820700628892,0.002774684438197174,0.141470140821252,0.12699953599230973,0.667067901637517,0.3895126311755091,0.19273200540536456
2007-09-01,0.2972989214873417,0.48378717038942204,0.0207612456747404,0.0027742000198006204,0.14165684041247464,0.12702065192933004,0.6663061950326057,0.38938900795696646,0.1930732933551436
2007-09-30,0.28792710035659097,0.46670275049340126,0.09243697478991589,0.0027596973944313936,0.14688694511595635,0.1276330141029188,0.6442167034901789,0.3858330458752982,0.20280084332371554
2007-10-01,0.287603934110703,0.4661136325659523,0.09490855165595642,0.00275919730390142,0.14706729355400744,0.1276541300399391,0.6434549968852676,0.3857104264931717,0.2031362760812525
2007-10-31,0.26882304485295544,0.43692825823439974,0.16905585763717246,0.004607650898384848,0.15369192623109484,0.1350240407262525,0.6206037987379296,0.3863612792256424,0.20911631999391636
2007-11-30,0.2500421555952078,0.4077428839028472,0.24320316361838845,0.006456104492868276,0.16031655890818225,0.14239395141256586,0.5977526005905914,0.3870121319581131,0.2150963639065802
2007-12-01,0.2494161259532829,0.4067700380917954,0.245674740484429,0.00651771961268439,0.1605373799974185,0.14263961510210965,0.5969908939856802,0.3870338270491955,0.215295698703669
2007-12-31,0.22992926967948304,0.3775846637602428,0.2211387228688266,0.008415537540796821,0.16742562195323518,0.15000952578842303,0.5741396958383421,0.38784631797736274,0.2214058147352659
2008-01-01,0.22927970780368973,0.3766118179491911,0.2203208556149732,0.00847879813840057,0.16765523001842908,0.15025518947796682,0.5733779892334309,0.38787340100830164,0.22160948526965246
2008-01-31,0.21687256286099088,0.3474264436176385,0.1957848379993708,0.00756886188514047,0.15871920059539152,0.15762510016428022,0.5505267910860927,0.424129576465626,0.2148217180464853
2008-02-29,0.20487898941638202,0.3192139150971377,0.17206668763762184,0.006689256840322374,0.15008103881978854,0.1647493471610498,0.5284372995436659,0.4591772127410395,0.20826020973075704
2008-03-01,0.20446541791829206,0.318241069286086,0.17124882038376843,0.006658925631880371,0.14978317117235396,0.1649950108505936,0.5276755929387547,0.46038575192295034,0.20803395082331813
2008-03-31,0.1776148026253158,0.20941293782994622,0.146712802768166,0.006720802918400921,0.15485411745108993,0.17713318737858308,0.5048243947914166,0.5075990314569794,0.1774588577095894
2008-04-01,0.17671978211554992,0.2057853334480749,0.1458949355143126,0.006722865494618272,0.15502314899371447,0.1775377932628494,0.5040626881865053,0.509172807441447,0.17643968793913178
2008-04-30,0.1500042100234715,0.1885454003216333,0.12217678515256364,0.006788685135547698,0.1601319681503648,0.1668408986433431,0.48197319664407856,0.555876721028288,0.1463665098711586
2008-05-01,0.14908298339960674,0.1879509198689974,0.12135891789871023,0.006790954778338368,0.1603081343281803,0.1664720402081877,0.4812114900391673,0.5574872008071445,0.14532950373088366
2008-05-31,0.14288185178166304,0.21611843340906395,0.09682290028310783,0.007699681277900722,0.16761996989882533,0.16632099934248065,0.45836029189182925,0.5315096984539992,0.1720340815597937
2008-06-30,0.13668072016371932,0.24428594694913053,0.07228688266750544,0.008608407777463077,0.17493180546947035,0.16616995847677357,0.43550909374449115,0.5055321961008539,0.19873865938870372
2008-07-31,0.13027288415851082,0.2733923776071993,0.04693299779804962,0.009547425160344177,0.1824873688924702,0.16601388291554295,0.41189618899224184,0.4786887770026037,0.22633338981191078
2008-08-31,0.12386504815330233,0.3024988082652681,0.02157911292859381,0.010486442543225276,0.19004293231547004,0.16585780735431233,0.3882832842399925,0.4518453579043535,0.2539281202351178
2008-09-01,0.12365834376603754,0.3034377253832703,0.0207612456747404,0.010516733426544021,0.19028666016782486,0.16585277265878876,0.3875215776350812,0.45097944115924865,0.2548182728294148
2008-09-30,0.11789524900708402,0.3306663218053346,0.08471805011597393,0.011360910483895247,0.19706724288589134,0.16570676648860527,0.3654320860926544,0.42658995106606135,0.2798983550270167
2008-10-01,0.11769652160160286,0.3316052389233368,0.08692345716567164,0.011390020037597013,0.19730105608306603,0.1657017317930817,0.3646703794877431,0.4257489341662963,0.2807631854476237
2008-10-31,0.11019614406955652,0.3218268061164228,0.15308566865660286,0.012235682658182655,0.20521293638093643,0.15592267457761855,0.34181918134040506,0.40633582268208335,0.2952537213950447
2008-11-30,0.10269576653751018,0.3120483733095088,0.2192478801475341,0.013081345278768298,0.2131248166788068,0.1461436173621554,0.31896798319306696,0.3869227111978705,0.3097442573424657
2008-12-01,0.10244575395310863,0.3117224255492783,0.2214532871972318,0.01310953403278782,0.21338854602206916,0.1458176487883066,0.3182062765881557,0.38627560748173,0.31022727520737975
2008-12-31,0.09465528810291146,0.3019439927423643,0.19985856085671708,0.013986471428389508,0.22161005975147516,0.13603859157284348,0.29535507844081765,0.3662998849849841,0.325066569808383
2009-01-01,0.09439560590790488,0.3016180449821338,0.19913873664536658,0.014015702674909564,0.22188411020912202,0.1357126229989947,0.2945933718359064,0.36563402756842595,0.3255612129617498
2009-01-31,0.08439299396105575,0.2508109353703508,0.17754401030485184,0.011610350989039736,0.21597451013887964,0.165432585858498,0.31390736537920594,0.3812527873836036,0.33617716332902053
2009-02-28,0.07505722281066321,0.20339096639935336,0.15738893238703808,0.009365356082227896,0.21045888340665342,0.19317121786070107,0.33193375935295216,0.3958302965444361,0.3460853836718066
2009-03-01,0.07472380241243491,0.2016973960789606,0.15666910817568758,0.009285177692698902,0.21026189673764534,0.1941618832893512,0.3325775591377288,0.39635092187160864,0.34643924868404896
2009-03-31,0.06588764085540232,0.19803926895482368,0.13507438183517284,0.009461891579024453,0.21742897663295802,0.18528382009451932,0.35189155268102834,0.42634804521232067,0.31134232342370965
2009-04-30,0.05705147929836972,0.19438114183068675,0.1134796554946581,0.009638605465350005,0.22459605652827072,0.17640575689968743,0.37120554622432794,0.4563451685530327,0.2762453981633703
2009-05-01,0.05675694057980196,0.1942592042598822,0.11275983128330762,0.009644495928227524,0.2248349591914478,0.1761098214598597,0.3718493460091046,0.4573450726643898,0.27507550065469233
2009-05-31,0.054316530968665594,0.19102861331743728,0.09116510494279288,0.010049320934492657,0.22408802059383873,0.17736017344105262,0.3911633395524041,0.4344307109806122,0.30299897462543934
2009-06-30,0.05187612135752922,0.18779802237499235,0.06957037860227815,0.010454145940757793,0.22334108199622968,0.1786105254222455,0.41047733309570367,0.4115163492968346,0.33092244859618636
2009-07-31,0.04935436475935497,0.18445974506779927,0.04725582805041291,0.01087246511389843,0.22256924544536696,0.1799025558028115,0.43043512642377985,0.3878381755569311,0.35977670503262493
2009-08-31,0.04683260816118072,0.1811214677606062,0.024941277498547687,0.01129078428703907,0.22179740889450428,0.1811945861833775,0.450392919751856,0.36416000181702757,0.38863096146906356
2009-09-01,0.04675126117414284,0.18101378139585803,0.0242214532871972,0.011304278453914574,0.22177251094125064,0.1812362645827506,0.45103671953663266,0.36339618976090166,0.3895617439347551
2009-09-30,0.044475772953635015,0.17789087681816126,0.06391878018175592,0.01168109149090022,0.22106160572454195,0.18244493816457039,0.4697069132951555,0.34183290443799996,0.41562357765487734
2009-10-01,0.04439730784258302,0.1777831904534131,0.0652876535229476,0.011694085043899726,0.221037091751552,0.1824866165639435,0.47035071307993215,0.3410893428751413,0.4165222615762609
2009-10-31,0.04303895723896682,0.17589224681708512,0.106353853758698,0.013372330864886003,0.22049942522510957,0.18795714014387163,0.4896647066232317,0.32399240618040653,0.42950566783780547
2009-11-30,0.04168060663535062,0.17400130318075716,0.1474200539944484,0.015050576685872279,0.21996175869866713,0.1934276637237998,0.5089787001665312,0.30689546948567176,0.44248907409935007
2009-12-01,0.04163532828189675,0.1739382717262129,0.1487889273356401,0.015106518213238489,0.21994383648111904,0.1936100145097974,0.5096224999513079,0.3063255715958473,0.44292185430806824
2009-12-31,0.04021660409759207,0.1720473280898849,0.13401358826055104,0.016856598560676807,0.21938112606535462,0.19908053808972553,0.5289364934946074,0.28866420435485574,0.45640373184467203
2010-01-01,0.04016931329144858,0.17198429663534065,0.13352107695804807,0.016914934572258084,0.2193623690514958,0.19926288887572313,0.529580293279384,0.2880754921134894,0.4568531277625588
2010-01-31,0.03174709763759899,0.17009335299901268,0.11874573788295904,0.01548955684851899,0.20803341828684627,0.20473341245565127,0.5488942868226836,0.3247611113046148,0.44711474921272487
2010-02-28,0.023886363027339368,0.16832847227177325,0.10495542141287595,0.0141592043063625,0.19745973090650668,0.2098392344635842,0.5669206807964299,0.3590010225496653,0.43802559589954654
2010-03-01,0.02360562250554438,0.168265440817229,0.10446291011037298,0.014111691715571197,0.19708209921435169,0.2100215852495818,0.5675644805812066,0.3602238765227028,0.43770098328121876
2010-03-31,0.02102783182046728,0.1497199703006087,0.08968757103528394,0.013265568308446989,0.1964071050084098,0.23483412825601233,0.5868784741245061,0.4116903092588891,0.38193886589932663
2010-04-30,0.018450041135390186,0.13117449978398843,0.0749122319601949,0.01241944490132278,0.1957321108024679,0.25964667126244284,0.6061924676678055,0.4631567419950754,0.32617674851743444
2010-05-01,0.01836411477922095,0.1305563174334344,0.07441972065769194,0.012391240787751973,0.1957096109956032,0.2604737560293239,0.6068362674525822,0.46487228975294825,0.3243180112713714
2010-05-31,0.019083125181757636,0.15398749498969228,0.05964438158260291,0.013418012497412639,0.1924580248377639,0.2369056372970919,0.6261502609958818,0.46574864481124023,0.3248655482998936
2010-06-30,0.019802135584294323,0.17741867254595017,0.04486904250751387,0.014444784207073303,0.18920643867992457,0.21333751856485994,0.6454642545391813,0.46662499986953226,0.3254130853284158
2010-07-31,0.0205451130002489,0.2016308893540833,0.029601192129921863,0.015505781640389325,0.18584646631682394,0.18898379587488692,0.6654220478672576,0.4675305667631007,0.3259788735912221
2010-08-31,0.021288090416203477,0.22584310616221642,0.014333341752329865,0.016566779073705344,0.18248649395372335,0.1646300731849139,0.6853798411953337,0.4684361336566691,0.32654466185402836
2010-09-01,0.021312057429621365,0.2266241454140917,0.0138408304498269,0.0166010047973607,0.18237810774846203,0.16384446922717283,0.6860236409801104,0.46846534549194546,0.3265629130883124
2010-09-30,0.022008037486455894,0.24927428371847435,0.27738697288870295,0.017595037615121083,0.17922895896215182,0.14106195445268194,0.7046938347386332,0.46931458113702607,0.32709292856002176
2010-10-01,0.02203203679876053,0.2500553229703496,0.2864747709038366,0.01762931460883696,0.17912036762469286,0.1402763504949409,0.7053376345234099,0.4693438651247875,0.3271112049555979
2010-10-31,0.02275240311419378,0.2319873238700558,0.5591087113578463,0.018658236439916813,0.17586018786365049,0.14108504364308228,0.7246516280667094,0.47022324989118336,0.32765979494968306
2010-11-01,0.022776415324708223,0.23138505723337935,0.5681965093729799,0.01869253383428614,0.17575151520494908,0.14111200008135366,0.725295427851486,0.4702525627167299,0.3276780812828192
2010-11-30,0.02347314377768588,0.213919324769762,0.831742651811856,0.01968774930558065,0.17259765646896227,0.14189373679122363,0.7439656216100089,0.47110347193467783,0.3282086717591922
2010-12-01,0.023497168896754076,0.21331705813308555,0.8408304498269896,0.019722067080452873,0.17248890271944547,0.14192069322949502,0.7446094213947856,0.47113281363184845,0.32822696798251544
2010-12-31,0.024218310039478542,0.19524905903279174,0.7517995605283762,0.020752211127176574,0.16922386451888843,0.1427293863776364,0.7639234149380851,0.47201393169889455,0.32877614993635645
2011-01-01,0.024242348077569358,0.1946467923961153,0.7488318642184224,0.020786549262067366,0.1691150299122032,0.1427563428159078,0.7645672147228618,0.4720433023011294,0.3287944560014845
2011-01-31,0.030171604620498813,0.18267250711090455,0.659800974919809,0.019588492518993767,0.16342432234091636,0.15995304903698726,0.7669874715119823,0.4780453683820576,0.3224237641933907
2011-02-01,0.03036924650526313,0.1822733642680642,0.6568332786098553,0.019548557294224646,0.16323463208854014,0.16052627257768992,0.7670681467382864,0.4782454372514219,0.3222114077997876
2011-02-28,0.035753016831560465,0.17149650751137455,0.5767054782411032,0.018459516580799484,0.15806166374288763,0.17600330817666143,0.7692463778484949,0.4836918428719567,0.316444481039637
2011-03-01,0.03595241573253444,0.1710973646685342,0.5737377819311494,0.018419181739561516,0.15787007232267827,0.1765765317173641,0.769327053074799,0.48389356159864316,0.31623089115963143
2011-03-31,0.03288614158832819,0.1689592355258198,0.484706892632536,0.01633946502592012,0.15677720362691758,0.16494316623541128,0.7717473098639196,0.4880740887876632,0.3182739082980384
2011-04-30,0.029819867444121947,0.1668211063831054,0.3956760033339226,0.014259748312278726,0.1556843349311569,0.15330980075345843,0.7741675666530401,0.49225461597668313,0.3203169254364454
2011-05-01,0.02971765830598174,0.1667498354116816,0.3927083070239688,0.014190424421824013,0.15564790597463155,0.15292202190406,0.7742482418793442,0.4923939668829838,0.32038502600772567
2011-05-31,0.030375285583681653,0.16191822175742202,0.3036774177253554,0.015086482101290885,0.1546047916925002,0.16299409009866989,0.7766684986684648,0.4926782010875136,0.3193253758970329
2011-06-30,0.031032912861381563,0.15708660810316247,0.21464652842674203,0.015982539780757758,0.15356167741036883,0.17306615829327973,0.7790887554575853,0.49296243529204337,0.3182657257863402
2011-07-31,0.031712461048338136,0.15209394066042758,0.12264794281817487,0.016908466049540192,0.1524837926521664,0.18347396209437658,0.7815896874730098,0.49325614397005746,0.31717075400529104
2011-08-01,0.0317343819575948,0.15193288687195225,0.11968024650822107,0.016938334638855756,0.15244902217609538,0.18380969770086358,0.7816703626993139,0.4932656184435418,0.31713543233493463
2011-08-31,0.03239454151624428,0.14710127321769267,0.03064935720960768,0.01783779681949213,0.1514009352286711,0.19388176589547343,0.7840906194884344,0.49355029575269377,0.31607356654537244
2011-09-01,0.03241654683486593,0.14694021942921737,0.0276816608996539,0.017867778892180008,0.1513659989970903,0.19421750150196043,0.7841712947147385,0.4935597849963322,0.3160381710190537
2011-09-30,0.0330559208802141,0.1422696595634331,0.0706870983687592,0.018738893470142612,0.15035046619835632,0.2039538340900833,0.786510876277555,0.4938351808953662,0.3150106382588051
2011-10-01,0.03307796826108817,0.1421086057749578,0.07217004448838352,0.01876893190386546,0.1503154478259862,0.2042895696965703,0.7865915515038591,0.4938446773056777,0.3149752060946586
2011-10-31,0.03374065519620208,0.14350339871123813,0.11665842807711314,0.019671777171407567,0.14926243367505376,0.19674366207092608,0.7890118082929796,0.49412978168785265,0.3139111418742658
2011-11-01,0.03376274476070587,0.14354989180911415,0.11814137419673747,0.01970187201365897,0.14922733320335602,0.19649213181673794,0.7890924835192836,0.49413928516725847,0.3138756730669193
2011-11-30,0.03440456895159492,0.1448981916475185,0.16114681166584277,0.020576259629097,0.14820703989971534,0.18919775444528186,0.7914320650821002,0.49441508822943725,0.31284601486027785
2011-12-01,0.034426700820246264,0.14494468474539451,0.1626297577854671,0.02060641092618107,0.14817185737200358,0.18894622419109372,0.7915127403084042,0.4944245986798572,0.3128105094048764
2011-12-31,0.035091929673493366,0.14633947768167488,0.14790814721610565,0.021512644867412983,0.1471139212441696,0.1814003165654495,0.7939329970975247,0.49471011830037126,0.31174424616804136
2012-01-01,0.0351141039686016,0.1463859707795509,0.1474174268637936,0.021542852665454047,0.14707865670657513,0.18114878631126136,0.7940136723238288,0.4947196356210551,0.31170870406014684
2012-01-31,0.0357806302248881,0.14778076371583124,0.13269581629443217,0.022450810807748748,0.14601822142856696,0.17360287868561713,0.7964339291129494,0.49500536160689423,0.31064132310204307
2012-02-01,0.03580284776676432,0.14782725681370726,0.13220509594212013,0.02248107607915857,0.1459828735859667,0.173351348431429,0.7965146043392535,0.4950148858064222,0.31060574373677297
2012-02-29,0.03642611414474457,0.14912906355423558,0.11846492607738277,0.02333006223985635,0.14499087808161898,0.16630850131416106,0.7987735106757659,0.49528174695527544,0.30960851185978394
2012-03-01,0.03644837365824387,0.1491755566521116,0.11797420572507072,0.023360383174166985,0.14495544967074941,0.1660569710599729,0.7988541859020699,0.4952912777105916,0.30957289643560576
2012-03-31,0.03870394741862061,0.14347820773572426,0.1032525951557093,0.02542829826118987,0.13671536589333197,0.15914775333839953,0.8012744426911905,0.4937883166649426,0.3159443929057169
2012-04-01,0.03877913321063317,0.14328829610517801,0.10276187480339724,0.02549722876409063,0.1364406964340847,0.15891744608101377,0.8013551179174946,0.493738217963421,0.31615677612138726
2012-04-30,0.0409448774024251,0.13778085881933694,0.08853098458634784,0.027483978573632887,0.12852660146104333,0.15223853561682618,0.8036946994803111,0.49228207403242563,0.3222904386369592
2012-05-01,0.04101955823662482,0.1375909471887907,0.0880402642340358,0.027552487187755034,0.12825370163438674,0.1520082283594404,0.8037753747066152,0.4922318621727361,0.32250194424094447
2012-05-31,0.041000227474677714,0.14022246002128402,0.07331865366467437,0.028879426466823753,0.13366857432032833,0.15000884138796333,0.8061956314957357,0.444174783698905,0.36527626689578846
2012-06-01,0.04099958311594614,0.14031017711570046,0.07282793331236231,0.028923657776126044,0.13384907007652638,0.14994219515558077,0.8062763067220398,0.44257288108311066,0.3667020776509499
2012-06-30,0.0409810538134541,0.14285397285377735,0.05859704309531292,0.030195997069969206,0.13904421356714874,0.1480094544164863,0.8086158882848562,0.3964314891205311,0.4076637259315469
2012-07-01,0.040980414871988856,0.14294168994819378,0.05810632274300087,0.03023987083872242,0.13922335644613573,0.14794280818410374,0.8086965635111603,0.39484040663906284,0.40907619656191235
2012-07-31,0.040961407094101884,0.1455732027806871,0.043384712173639435,0.03154548730401887,0.14455767621008916,0.1459434212126267,0.8111168203002809,0.34742206202887843,0.45102425241845284
2012-08-01,0.04096077350150565,0.14566091987510354,0.04289399182132739,0.03158900785286208,0.14473548686888763,0.14587677498024415,0.8111974955265849,0.34584145054187226,0.4524225209470042
2012-08-31,0.04094192676977812,0.14829243270759684,0.028172381251965948,0.03288398364080839,0.15002980008481184,0.1438773880087671,0.8136177523157054,0.29873211320113524,0.4939138125616765
2012-09-01,0.0409412985453872,0.14838014980201328,0.0276816608996539,0.0329271495004066,0.15020627719200932,0.14381074177638453,0.8136984275420095,0.297161801956444,0.4952968556154989
2012-09-30,0.040923231287268706,0.15092394554009017,0.07509791246815462,0.03416896068537126,0.1552866358291071,0.14187800103729006,0.816038009104826,0.25190723186276737,0.5349504620452312
2012-10-01,0.04092260827836807,0.1510116626345066,0.07673295562568913,0.03421178176071487,0.15546182060969668,0.1418113548049075,0.8161186843311301,0.25034672944574404,0.5363178277841876
2012-10-31,0.04090407252519654,0.15185183021334359,0.12578425035172436,0.03548619402483201,0.160679172172366,0.13329679420017082,0.8185389411202506,0.20381649848267752,0.5768498904909932
2012-11-01,0.04090345466675749,0.1518798357993048,0.12741929350925887,0.035528674433635915,0.16085308389112163,0.13301297551334626,0.8186196163465547,0.20226549078390862,0.5782009592478867
2012-11-30,0.04088568430079386,0.15269199779218057,0.17483554507775959,0.0367508432206078,0.16586014508674535,0.12478223359543411,0.8209591979093712,0.15755290788503373,0.6168936800071542
2012-12-01,0.040885071529553736,0.1527200033781418,0.1764705882352941,0.03679298697188269,0.16603280236935306,0.12449841490860955,0.8210398731356753,0.15601109468162427,0.6182279117574737
2012-12-31,0.0408668391210467,0.15356017095697877,0.1753340236910565,0.03804731947460114,0.17117544002482632,0.11598385430387285,0.8234601299247958,0.11002373136407392,0.6577354816663348
2013-01-01,0.040866231374096465,0.15358817654294,0.17529613820624856,0.03808913055802509,0.17134686128000876,0.1157000356170483,0.8235408051510998,0.10849081925348891,0.6590524006632968
2013-01-31,0.040848150278620605,0.13487207080386088,0.17415957366201096,0.039333439159784496,0.1764523589621216,0.11540911834694338,0.8188885581859618,0.06276621740067923,0.6980196163452277
2013-02-01,0.04084754757543808,0.13424820061255824,0.17412168817720303,0.03937491611317648,0.17662254221819204,0.11539942110460655,0.8187334832871239,0.06124206400558556,0.6993185235346254
2013-02-28,0.04083140262641559,0.11740370544738704,0.17309878008738916,0.04048630766018368,0.18118613129672964,0.11513759556151214,0.8145464610184997,0.020307951198506105,0.733917379678215
2013-03-01,0.040830804665340684,0.1167798352560844,0.17306089460258123,0.04052747031007283,0.18135515311445324,0.1151278983191753,0.8143913861196618,0.018791872946392053,0.7351988187946442
2013-03-31,0.040647363966881206,0.11002876864891294,0.17192433005834362,0.049477602402295595,0.18952242934547656,0.13280466865840934,0.8097391391545238,0.19395491595027703,0.5448412763805596
2013-04-01,0.04064124927693256,0.10980373309534056,0.1718864445735357,0.04977594013870302,0.18979467188651067,0.13339389433638382,0.8095840642556859,0.1997936840504065,0.5384960249667567
2013-04-30,0.0404581119136273,0.10327770204174148,0.170787765514106,0.058700345835324054,0.19788720521895353,0.1504814389976434,0.8050868921893858,0.373510153366613,0.34469173215859406
2013-05-01,0.04045179683213401,0.1030526664881691,0.17074988002929806,0.05900808396279374,0.19816625809248606,0.1510706646756179,0.8049318172905479,0.3795003764464822,0.33800882551003675
2013-05-31,0.04503144791588877,0.12610398112999363,0.16961331548506045,0.059006287958535075,0.19776779801743324,0.13852424200705965,0.8002795703254099,0.36879933258190956,0.34567374049716704
2013-06-01,0.04518410295201393,0.12687235828472113,0.16957543000025252,0.059006228091726454,0.1977545160149315,0.13810602791810772,0.8001244954265719,0.3684426311197571,0.3459292376634047
2013-06-30,0.049578950116079615,0.14915529577181816,0.16847675094082282,0.05900630014395953,0.19737739264236395,0.1259778193385014,0.795627323360272,0.35815776530526927,0.35329627880812137
2013-07-01,0.04973049657001292,0.14992367292654565,0.16843886545601489,0.05900630262851929,0.1973643883881375,0.12555960524954948,0.795472248461434,0.3578031147599421,0.3535503147096633
2013-07-31,0.05424399563655545,0.17297498756837015,0.16730230091177728,0.059008209383791185,0.19698242090847903,0.11301318258099124,0.790820001496296,0.3472238956837725,0.36112732698416605
2013-08-01,0.054394445605440205,0.17374336472309765,0.16726441542696935,0.059008272942300245,0.1969696886591571,0.1125949684920393,0.7906649265974581,0.3468712550479002,0.36137989405998283
2013-08-31,0.05887487436757768,0.19679467936492218,0.16612785088273174,0.05901200415457528,0.19659584487599027,0.10004854582348106,0.7860126796323201,0.33635209824071743,0.368911923801782
2013-09-01,0.05902422199298226,0.19756305651964967,0.1660899653979238,0.05901212852831778,0.19658338341655138,0.09963033173452912,0.7858576047334822,0.336001459680478,0.369162991459842
2013-09-30,0.06332419153200775,0.2198459940067467,0.15065211605003986,0.05901743566234093,0.1962295699105644,0.08750212315492284,0.7813604326671821,0.3258889263187571,0.3764010176732915
2013-10-01,0.06347246634369828,0.2206143711614742,0.15011977641735422,0.05901761866696242,0.1962173694448407,0.0870839090659709,0.7812053577683442,0.3255402182718012,0.37665060478410006
2013-10-31,0.0678733827483284,0.2101165160824967,0.13414958743678462,0.05902566392968876,0.19586272483660921,0.094322747353473,0.7765531108032062,0.3151631064461268,0.38407171936414664
2013-11-30,0.0722742991529585,0.1996186610035192,0.11817939845621506,0.05903370919241511,0.19550808022837773,0.1015615856409751,0.7719008638380682,0.3047859946204523,0.3914928339441932
2013-12-01,0.07242099636644617,0.19926873250088661,0.1176470588235294,0.05903397736783932,0.1954962587414367,0.1018028802505585,0.7717457889392303,0.30444009089292984,0.39174020443019475
2013-12-31,0.0767450242351423,0.18877087742190912,0.11082767155810369,0.05904610125550721,0.19515974927652288,0.1090417185380606,0.7670935419740923,0.2941971965430844,0.39905063323858225
2014-01-31,0.0812131863661283,0.17792309384029903,0.10378097138383045,0.05905862927276402,0.19481202282944526,0.11652185143514611,0.7622862201101164,0.2836128723815775,0.4066047430072493
2014-02-28,0.08524894571024469,0.16812509576658669,0.09741620993609978,0.05906994490125404,0.19449794732885906,0.1232781005034814,0.7579441229426542,0.2740528376550551,0.4134278098950776
2014-03-01,0.08539307997253456,0.1677751672639541,0.09718889702725227,0.059070349030842975,0.19448673034669525,0.1235193951130648,0.7577890480438163,0.2737114078433936,0.4136714908553572
2014-03-31,0.09603048680261893,0.1461373879940792,0.09036950976182655,0.06098077817848686,0.20128127395093712,0.13224998817284778,0.7531368010786783,0.2669475594589791,0.3971645126661619
2014-04-01,0.0963850670302884,0.14541612868508336,0.09014219685297903,0.06104445915007499,0.20150775873774518,0.13254100794150722,0.7529817261798404,0.26672209784616524,0.3966142800598554
2014-04-30,0.10695229868631581,0.12449960872420424,0.08355012249640083,0.06292402993227492,0.2081817731004078,0.14098058123263074,0.7484845541135403,0.2599356368631798,0.38034892808857684
2014-05-01,0.10731668598479951,0.1237783494152084,0.08332280958755331,0.06298884271786802,0.20841191152670652,0.1412716010012902,0.7483294792147024,0.2597016209672148,0.3797880538826707
2014-05-31,0.11328114483349774,0.1709913250456569,0.0765034223221276,0.06491184213821123,0.2110031816625808,0.1258343975871496,0.7436772322495644,0.2180827844116982,0.41077585749378365
2014-06-01,0.11347996012845435,0.17256509090000516,0.07627610941328009,0.06497594211888934,0.21108955733377663,0.12531982414001158,0.7435221573507265,0.21669548985984766,0.41180878428082074
2014-06-30,0.11924541204596563,0.21820430067610536,0.06968403505670188,0.06683608108552579,0.21359628906524625,0.11039719417300901,0.7390249852844265,0.17642699146238305,0.44170227993542366
2014-07-01,0.11944422073277636,0.21977806653045362,0.06945672214785437,0.06690022380851325,0.21368272809046934,0.10988262072587099,0.7388699103855886,0.17503842255212565,0.44273309013040996
2014-07-31,0.12540818236561785,0.2669910421609021,0.06263733488242866,0.06882644423196847,0.21627875248305278,0.09444541731173041,0.7342176634204506,0.133324332805734,0.47356830511729286
2014-08-31,0.13157094271955405,0.31577778364569875,0.05559063470815542,0.0708168720028722,0.21896131102205568,0.07849364045045179,0.7294103415564747,0.0902197734011293,0.5054313606037386
2014-09-01,0.13176974144064876,0.31735154950004707,0.0553633217993079,0.07088107935032072,0.21904784516847514,0.07797906700331378,0.7292552666576367,0.08882930374291624,0.5064592011033013
2014-09-30,0.13753461536584183,0.3629907592761473,0.1104984980417506,0.07274497116776985,0.22156008147007009,0.06305643703631122,0.7247580945913367,0.048451174191714574,0.5361866953749646
2014-10-01,0.13773340412188298,0.3645645251304956,0.11239971101562793,0.07280924329940602,0.2216467103080561,0.0625418635891732,0.7246030196924987,0.047058824896845555,0.5372117813843322
2014-10-31,0.1436968685984873,0.3188029479565334,0.16943610023194797,0.07473869910139393,0.2242474502903996,0.07206737417890276,0.7199507727273607,0.005251381939679264,0.5679137794302138
2014-11-01,0.14389565074770744,0.31727756205073465,0.1713373132058253,0.07480301429479352,0.22433414162314438,0.07238489119856041,0.7197956978285228,0.0038578005077737195,0.5689371793650765
2014-11-30,0.1607054406469317,0.2730413707825713,0.22647248944826798,0.0703736894305999,0.2121582823174731,0.08159288476863233,0.7152985257622227,0.04810389536184927,0.5248371053098475
2014-12-01,0.16128508857449117,0.27151598487677253,0.2283737024221453,0.0702209540904553,0.21173842510003615,0.08191040178828998,0.7151434508633848,0.049629622770610504,0.5233164131010465
2014-12-31,0.17873667049146957,0.22575440770281036,0.2086732503220266,0.06561184614345383,0.19908244108901219,0.09143591237801954,0.7104912038982468,0.09550470996573171,0.4774119231900984
2015-01-01,0.1793183898887022,0.2242290217970116,0.20801656858535597,0.06545820921188712,0.1986605749553114,0.0917534293976772,0.7103361289994089,0.09703387953890241,0.47588177352640015
2015-01-31,0.19686230662538898,0.2281115997711536,0.18831611648523724,0.06081039854911698,0.18591715614900764,0.0878028563698065,0.7068348768735577,0.14306800501897654,0.4295712319362691
2015-02-28,0.21323662891296333,0.23173533921368616,0.16992902785845976,0.056472441930531525,0.1740232985964575,0.08411565487712719,0.7035670415560966,0.18603318880037908,0.3863480597854801
2015-03-01,0.21382142613751956,0.2318647584794909,0.16927234612178915,0.056317514908439184,0.1735985179695807,0.0839839691095315,0.7034503331519015,0.1875676596497149,0.38480437506580906
2015-03-31,0.2294669388900233,0.21894850629642398,0.14957189402167045,0.058146883929383796,0.1677851031831214,0.08289936682697148,0.6999490810260504,0.23330353979559906,0.3281752901710167
2015-04-30,0.245112451642527,0.20603225411335707,0.12987144192155176,0.0599762529503284,0.1619716883966621,0.08181476454441146,0.6964478289001992,0.27903941994148324,0.27154620527622436
2015-05-01,0.24563396873427715,0.2056017123739215,0.12921476018488112,0.06003723191769322,0.16177790790378013,0.0817786111349928,0.6963311204960041,0.28056394927967937,0.26965856911306463
2015-05-31,0.2475649542186208,0.19686515789956974,0.10951430808476241,0.05949521013354806,0.16185940992192857,0.08839798272331174,0.6928298683701529,0.21513891634287052,0.33075478180962564
2015-06-01,0.24762932040143223,0.19657393941709134,0.10885762634809179,0.05947714274074322,0.16186212665586686,0.08861862844292237,0.6927131599659578,0.21295808191164356,0.33279132223284436
2015-06-30,0.24952894005390544,0.18812860342521795,0.08981385598464368,0.05894415061532431,0.16193814218123292,0.09501735431163069,0.6893286162443018,0.1490287705867684,0.39235123632936636
2015-07-01,0.2495944441798528,0.18783738494273955,0.08915717424797306,0.05892577157651677,0.16194076340624555,0.09523800003124132,0.6892119078401067,0.1468243115755658,0.39440502647062575
2015-07-31,0.25159462475872174,0.17910083046838776,0.06945672214785435,0.05836486236247728,0.1620163576629728,0.10185737161956025,0.6857106557142555,0.0799745894773687,0.45667129627772396
2015-08-01,0.251661297444684,0.17880961198590936,0.06880004041118373,0.058346165388675965,0.16201887747153038,0.10207801733917088,0.6855939473100604,0.0777462654074288,0.4587468386046272
2015-08-31,0.25369807697835867,0.1700730575115576,0.04909958831106502,0.05777536693415917,0.1620911898644324,0.10869738892748983,0.6820926951842092,0.010161613003501435,0.5218198454302101
2015-09-01,0.25376596962948117,0.1697818390290792,0.0484429065743944,0.05775634031900861,0.16209360027752914,0.10891803464710045,0.6819759867800141,0.007908791256703865,0.5239222789910628
2015-09-30,0.26380356407653066,0.16133650303720581,0.07159968059622032,0.05612746038716334,0.16066419417222413,0.11531676051580877,0.6785914430583581,0.032826557003084386,0.4936130803920771
2015-10-01,0.26414968802298067,0.1610452845547274,0.0723981900452488,0.05607129211365144,0.16061490430652395,0.1155374062354194,0.678474734654163,0.033685790304683716,0.4925679356128017
2015-10-31,0.27442633144341755,0.1699692756876723,0.09635347351610321,0.05440414502139021,0.1591603038205986,0.10703669418500673,0.6749734825283118,0.05931591081918615,0.46146826834551397
2015-11-01,0.2747688862240988,0.1702667420587705,0.0971519829651317,0.05434857345164817,0.15911181713773442,0.10675333711665964,0.6748567741241167,0.060170248169669566,0.4604316127699377
2015-11-30,0.2846010532727183,0.17889326682061724,0.12030875698695762,0.05275352948958085,0.15772826657013192,0.09853598213459408,0.6714722304024606,0.08481004354189967,0.4305915470692805
2015-12-01,0.28494009351577415,0.1791907331917154,0.1211072664359861,0.05269852797364749,0.15768055792986976,0.09825262506624699,0.6713555219982655,0.08565969165818346,0.4295625792864992
2015-12-31,0.2949074232448066,0.1881147243246603,0.12223969801824468,0.05107992091825282,0.156293230185976,0.08975191301583432,0.6678542698724144,0.11088996988535865,0.39907769002061955
2016-01-31,0.3052069972981401,0.19733618182870338,0.12340987731991188,0.049407360294345,0.1548596581839524,0.08096784389707457,0.6642363093423681,0.13696125738677303,0.3675766377792105
2016-02-29,0.3148420827028715,0.20596270659055016,0.12450456118276183,0.047842706807463484,0.15351857469818841,0.07275048891500899,0.660851765620712,0.16135052633970906,0.33810791148886016
2016-03-01,0.3151743270271726,0.2062601729616483,0.12454230890217045,0.04778875323895033,0.15347233044005862,0.0724671318466619,0.6607350572165169,0.16219153561394822,0.33709174851333085
2016-03-31,0.32604625802819714,0.189089578970551,0.12567474048442903,0.04483904770586196,0.14803257609519857,0.08226986618383489,0.6572338050906658,0.18777231307677086,0.30882849001473306
2016-04-30,0.33691818902922166,0.17191898497945368,0.1268071720666876,0.04188934217277359,0.1425928217503385,0.0920726005210079,0.6537325529648146,0.21335309053959353,0.2805652315161352
2016-05-01,0.3372805867292558,0.1713466318464171,0.12684491978609622,0.04179101865500398,0.14241149660550984,0.092399358332247,0.6536158445606195,0.21420578312168762,0.2796231228995153
2016-05-31,0.3388195866062288,0.1794468043634799,0.1279773513683548,0.04207242250096409,0.1453022455650524,0.0906872110681397,0.6501145924347683,0.1904277345508177,0.29552583610394245
2016-06-30,0.34035858648320183,0.1875469768805427,0.12910978295061337,0.0423538263469242,0.14819299452459492,0.08897506380403242,0.6466133403089172,0.1666496859799478,0.31142854930836955
2016-07-01,0.3404098864791009,0.18781698263111146,0.129147530670022,0.04236320647512287,0.14828935282324635,0.08891799222856217,0.6464966319047221,0.1658570843609188,0.3119586397485171
2016-07-31,0.3419965701817727,0.1959171551481743,0.13027996225228058,0.04264845171918248,0.15123006738335618,0.08720584496445487,0.6429953797788709,0.14165351799711842,0.32816554658756236
2016-08-01,0.34204945963852845,0.19618716089874305,0.1303177099716892,0.042657959893984465,0.1513280912020265,0.08714877338898462,0.6428786713746758,0.1408467324516584,0.32870577681553054
2016-08-31,0.3436696232803427,0.20428733341580585,0.13145014155394777,0.042945771138004386,0.15430275768234175,0.08543662612487733,0.6393774192488246,0.1163563905736047,0.345135218920736
2016-09-01,0.3437236287350698,0.2045573391663746,0.1314878892733564,0.042955364846138384,0.1544019132316856,0.08537955454940709,0.6392607108446295,0.11554004584433623,0.3456828669909095
2016-09-30,0.3556571414551057,0.21238750593286865,0.15023384919578692,0.03953926983612158,0.15406930124924487,0.08372447886077004,0.6358761671229735,0.13150069351204,0.32305850118306867
2016-10-01,0.3560686418937276,0.2126575116834374,0.1508802616069052,0.03942147345646582,0.15405783187054,0.0836674072852998,0.6357594587187784,0.1320510606729953,0.3222783506379707
2016-10-31,0.3682268994404826,0.2038541544215538,0.170272633940454,0.035927261861866254,0.15373917488185235,0.08368667821330687,0.6322582065929272,0.14845274571179104,0.29909136808701065
2016-11-30,0.38038515698723757,0.1950507971596702,0.18966500627400282,0.03243305026726669,0.1534205178931647,0.08370594914131393,0.628756954467076,0.16485443075058676,0.27590438553605057
2016-12-01,0.38079043223879605,0.1947573519176074,0.1903114186851211,0.032316576547446706,0.15340989599354177,0.08370659150558084,0.6286402460628809,0.1654011535852133,0.27513148611768523
2016-12-31,0.3927636915919868,0.1859539946557238,0.17136867628116081,0.02885925361385279,0.1531163636882897,0.0837258624335879,0.6251389939370298,0.1817014987536829,0.2521386352869369
2017-01-01,0.39316280023709316,0.185660549413661,0.17073725153436214,0.028744009516066326,0.15310657927811464,0.0837265047978548,0.6250222855328347,0.1822448435926319,0.251372206925912
2017-01-31,0.40495955909722736,0.17940032459555036,0.15179450913040182,0.025319094513876123,0.1528369588952911,0.0921418850749629,0.6217508523679697,0.19845687646620416,0.2285403562138005
2017-02-28,0.41596986736668595,0.1735574480986471,0.13411461622003887,0.022122507178498597,0.15258531320465576,0.09999624000026379,0.618697514747429,0.21358810714820495,0.20723062888249644
2017-03-01,0.41636309266202376,0.1733487739380434,0.1334831914732402,0.022008343345092257,0.15257632585856165,0.1002767526761674,0.6185884669752668,0.21412850824399068,0.20646956719209272
2017-03-31,0.43177588600112266,0.16242962304507494,0.1145404490692799,0.025138769532391,0.14962023478533337,0.09732358321111077,0.6153170338104018,0.23076708433388246,0.1743807192908441
2017-04-30,0.4471886793402215,0.1515104721521065,0.09559770666531961,0.02826919571968975,0.1466641437121051,0.09437041374605415,0.6120456006455368,0.24740566042377427,0.14229187138959548
2017-05-01,0.44770243911819146,0.1511465004556742,0.09496628191852093,0.028373543259266373,0.14656560734299748,0.0942719747638856,0.6119365528733747,0.24796027962677064,0.14122224312622053
2017-05-31,0.44877446967146156,0.16245311416880295,0.07602353951456062,0.028890737189988067,0.1465540728088472,0.09217272723267729,0.6086651197085097,0.2246230836266023,0.1617503523352551
2017-06-30,0.4498465002247316,0.1737597278819317,0.05708079711060032,0.02940793112070976,0.1465425382746969,0.09007347970146898,0.6053936865436447,0.20128588762643396,0.18227846154428962
2017-07-31,0.4509542651297774,0.1854432287188314,0.037506629959841345,0.029942364849122174,0.14653061925607497,0.08790425725255371,0.6020132056066175,0.17717078509292666,0.203490841060292
2017-08-31,0.4520620300348231,0.1971267295557311,0.017932462809082367,0.03047679857753459,0.146518700237453,0.08573503480363845,0.5986327246695903,0.1530556825594194,0.22470322057629438
2017-09-01,0.45209776438659877,0.19750361667950206,0.0173010380622837,0.030494038375225314,0.14651831575298133,0.08566505988593151,0.5985236768974281,0.15227777602608045,0.22538749088326218
2017-09-30,0.4531558507139092,0.20843334326885984,0.061409179056237856,0.030999239514118565,0.1465031145548739,0.08363578727243014,0.5953612915047253,0.12949319484558644,0.2454037742583874
2017-10-01,0.45319233644933365,0.2088102303926308,0.06293014943533971,0.031016660243045918,0.1465025903756288,0.0835658123547232,0.5952522437325631,0.12870751963246596,0.24609399092649517
2017-10-31,0.45430071319110615,0.2046420834498972,0.10855926080839573,0.0315425014660696,0.1464842775447378,0.08513425488279275,0.5919808105676981,0.10499908484962048,0.26692570900620993
2017-11-30,0.4554090899328787,0.2004739365071636,0.15418837218145173,0.03206834268909329,0.1464659647138468,0.08670269741086231,0.5887093774028331,0.081290650066775,0.2877574270859247
2017-12-01,0.4554460358242711,0.20033499827573914,0.1557093425605536,0.032085870729860744,0.14646535428615043,0.08675497882846463,0.588600329630671,0.08050036890734681,0.28845181768858186
2017-12-31,0.45656860594196275,0.19616685133300554,0.15798365742320125,0.03261495966731535,0.14644436952518278,0.08832342135653419,0.585328896465806,0.05665254863354163,0.3094213530916644
2018-01-01,0.4566060249458858,0.19602791310158107,0.15805946791862283,0.0326325959652305,0.1464436700331505,0.0883757027741365,0.5852198486936439,0.05585762129108146,0.3101203376051005
2018-01-31,0.4833961660112752,0.19185976615884745,0.16033378278127045,0.0337646056510501,0.14732348150458519,0.08994414530220607,0.5819484155287789,0.07365875381494094,0.2686262934955327
2018-02-28,0.5084002976723053,0.18796949567896276,0.16245647665307492,0.03482114802448172,0.1481446388779242,0.09140802499507099,0.5788950779082381,0.09027314417054313,0.22989851899326938
2018-03-01,0.509293302374485,0.1878305574475383,0.1625322871484965,0.034858881680675705,0.14817396592697202,0.0914603064126733,0.578786030136076,0.09086651525467178,0.22851538418961712
2018-03-31,0.5165116421976247,0.20342344543738716,0.1648066020111441,0.03745816534849182,0.1470360130154064,0.08043590523901871,0.575514596971211,0.10893014921168284,0.2026754145179818
2018-04-30,0.5237299820207643,0.21901633342723603,0.16708091687379176,0.040057449016307936,0.14589806010384077,0.06941150406536412,0.572243163806346,0.12699378316869392,0.1768354448463465
2018-05-01,0.5239705933482023,0.219536096360231,0.16715672736921333,0.04014409180523514,0.1458601283401219,0.0690440240262423,0.5721341160341838,0.12759590430059428,0.17597411252395864
2018-05-31,0.5179406742677566,0.22187431390715254,0.16943104223186095,0.04140728122748638,0.14753466506974952,0.07064201216107857,0.5688626828693188,0.11427158436883217,0.1905647166965576
2018-06-30,0.5119107551873109,0.2242125314540741,0.1717053570945086,0.04267047064973762,0.1492092017993771,0.07224000029591485,0.5655912497044538,0.10094726443707007,0.20515532086915655
2018-07-31,0.5056798388041837,0.22662868958589302,0.1740554824525778,0.0439757663860639,0.15093955641999232,0.07389125470191234,0.5622107687674267,0.08717880050758256,0.22023227851417548
2018-08-31,0.49944892242105643,0.22904484771771197,0.176405607810647,0.04528106212239018,0.1526699110406075,0.07554250910790981,0.5588302878303995,0.07341033657809505,0.2353092361591944
2018-09-30,0.49341900334061073,0.2313830652646335,0.17867992267329466,0.04654425154464142,0.15434444777023512,0.07714049724274609,0.5555588546655345,0.06008601664633295,0.24989984033179338
2018-10-01,0.4932180060379292,0.2314610058495309,0.17875573316871624,0.04658635785871646,0.1544002656612227,0.0771937635139073,0.5554498068933723,0.05964187264860755,0.25038619380421334
2018-10-31,0.5027793646416167,0.22976558002152636,0.18103004803136385,0.045208642009262806,0.15387362730608892,0.08604559725046701,0.5521783737285073,0.08296043853803098,0.22081954471893145
2018-11-30,0.5123407232453041,0.22807015419352186,0.1833043628940115,0.04383092615980915,0.15334698895095517,0.09489743098702672,0.5489069405636423,0.10627900442745442,0.19125289563364953
2018-12-31,0.5222207938024478,0.2263182141712505,0.18565448825208072,0.04240728644870704,0.1528027959839836,0.10404432584813841,0.5455264596266152,0.13037485584652528,0.16070069157885822
2019-01-01,0.522539505755904,0.2262616999769837,0.1857302987475023,0.04236136258705858,0.1527852413721458,0.1043393869726904,0.545417411854453,0.13115214137617273,0.15971513660934883
